"1","Renegades"
"2","NRG Esports"
"3","Counter Logic Gaming"
"4","Immortals"
"5","Team Liquid"
"6","Renegades"
"7","Cloud9"
"8","Team Liquid"
"9","Immortals"
"10","Counter Logic Gaming"
"11","Renegades"
"12","Counter Logic Gaming"
"13","Immortals"
"14","Renegades"
"15","NRG Esports"
"16","Cloud9"
"17","Echo Fox"
"18","Team SoloMid"
"19","Team Liquid"
"20","Immortals"
"21","Cloud9"
"22","Immortals"
"23","Renegades"
"24","Team Liquid"
"25","Counter Logic Gaming"
"26","Team Impulse"
"27","Cloud9"
"28","NRG Esports"
"29","Counter Logic Gaming"
"30","Team SoloMid"
"31","Team Liquid"
"32","Immortals"
"33","Echo Fox"
"34","Cloud9"
"35","Team Dignitas"
"36","Counter Logic Gaming"
"37","Echo Fox"
"38","Counter Logic Gaming"
"39","Cloud9"
"40","Immortals"
"41","NRG Esports"
"42","Team Impulse"
"43","Team Liquid"
"44","Immortals"
"45","Team SoloMid"
"46","Echo Fox"
"47","Immortals"
"48","Team SoloMid"
"49","Cloud9"
"50","Counter Logic Gaming"
"51","Echo Fox"
"52","Team Dignitas"
"53","Counter Logic Gaming"
"54","Team SoloMid"
"55","Cloud9"
"56","Immortals"
"57","NRG Esports"
"58","Team SoloMid"
"59","Immortals"
"60","Cloud9"
"61","Team Liquid"
"62","Counter Logic Gaming"
"63","Immortals"
"64","Cloud9"
"65","NRG Esports"
"66","Team Liquid"
"67","Immortals"
"68","Counter Logic Gaming"
"69","Team Liquid"
"70","Team SoloMid"
"71","Team Impulse"
"72","Team Impulse"
"73","Team Liquid"
"74","Cloud9"
"75","Immortals"
"76","Team SoloMid"
"77","Team Dignitas"
"78","Counter Logic Gaming"
"79","Immortals"
"80","Team Impulse"
"81","Immortals"
"82","Cloud9"
"83","Team SoloMid"
"84","Team Dignitas"
"85","NRG Esports"
"86","Echo Fox"
"87","Renegades"
"88","NRG Esports"
"89","Immortals"
"90","Counter Logic Gaming"
"91","Team EnVyUs"
"92","Cloud9"
"93","Team EnVyUs"
"94","Cloud9"
"95","Apex Gaming"
"96","Team SoloMid"
"97","Apex Gaming"
"98","NRG Esports"
"99","Counter Logic Gaming"
"100","Team SoloMid"
"101","Immortals"
"102","Cloud9"
"103","Immortals"
"104","Cloud9"
"105","Phoenix1"
"106","Counter Logic Gaming"
"107","Apex Gaming"
"108","Team Liquid"
"109","NRG Esports"
"110","Counter Logic Gaming"
"111","Apex Gaming"
"112","Phoenix1"
"113","Phoenix1"
"114","Team EnVyUs"
"115","Team SoloMid"
"116","Team SoloMid"
"117","Cloud9"
"118","Counter Logic Gaming"
"119","Counter Logic Gaming"
"120","Cloud9"
"121","Team SoloMid"
"122","Team Liquid"
"123","Team Liquid"
"124","Team SoloMid"
"125","Phoenix1"
"126","Phoenix1"
"127","Immortals"
"128","Team SoloMid"
"129","Immortals"
"130","Counter Logic Gaming"
"131","Cloud9"
"132","Counter Logic Gaming"
"133","Team Liquid"
"134","Cloud9"
"135","Apex Gaming"
"136","Apex Gaming"
"137","Echo Fox"
"138","Immortals"
"139","Immortals"
"140","Team EnVyUs"
"141","Team SoloMid"
"142","Team EnVyUs"
"143","Team SoloMid"
"144","Counter Logic Gaming"
"145","Apex Gaming"
"146","Cloud9"
"147","Immortals"
"148","Immortals"
"149","Counter Logic Gaming"
"150","Cloud9"
"151","Team Liquid"
"152","Cloud9"
"153","Team Liquid"
"154","Apex Gaming"
"155","Team SoloMid"
"156","NRG Esports"
"157","Team SoloMid"
"158","NRG Esports"
"159","Phoenix1"
"160","NRG Esports"
"161","Phoenix1"
"162","Immortals"
"163","Immortals"
"164","Counter Logic Gaming"
"165","Team Liquid"
"166","Counter Logic Gaming"
"167","Echo Fox"
"168","Counter Logic Gaming"
"169","Team Liquid"
"170","Phoenix1"
"171","Cloud9"
"172","Team SoloMid"
"173","Cloud9"
"174","Team SoloMid"
"175","Immortals"
"176","Counter Logic Gaming"
"177","Team Liquid"
"178","Counter Logic Gaming"
"179","Immortals"
"180","Phoenix1"
"181","Apex Gaming"
"182","Phoenix1"
"183","Apex Gaming"
"184","Echo Fox"
"185","Immortals"
"186","Immortals"
"187","Team SoloMid"
"188","Team SoloMid"
"189","Phoenix1"
"190","Immortals"
"191","Phoenix1"
"192","Immortals"
"193","Apex Gaming"
"194","NRG Esports"
"195","Team SoloMid"
"196","NRG Esports"
"197","Team SoloMid"
"198","Team Liquid"
"199","Immortals"
"200","Immortals"
"201","Team Liquid"
"202","Team SoloMid"
"203","Counter Logic Gaming"
"204","Counter Logic Gaming"
"205","Team SoloMid"
"206","Team EnVyUs"
"207","Team EnVyUs"
"208","Echo Fox"
"209","Team Liquid"
"210","Team Liquid"
"211","Cloud9"
"212","Apex Gaming"
"213","Counter Logic Gaming"
"214","Apex Gaming"
"215","Counter Logic Gaming"
"216","Team SoloMid"
"217","Cloud9"
"218","Cloud9"
"219","Team SoloMid"
"220","NRG Esports"
"221","Phoenix1"
"222","NRG Esports"
"223","Immortals"
"224","Team SoloMid"
"225","Immortals"
"226","Team SoloMid"
"227","Cloud9"
"228","Cloud9"
"229","Echo Fox"
"230","Team Liquid"
"231","Team Liquid"
"232","Immortals"
"233","Immortals"
"234","Counter Logic Gaming"
"235","Team EnVyUs"
"236","Team EnVyUs"
"237","Counter Logic Gaming"
"238","Immortals"
"239","Cloud9"
"240","Immortals"
"241","Apex Gaming"
"242","Team SoloMid"
"243","Team SoloMid"
"244","Cloud9"
"245","Team Liquid"
"246","Apex Gaming"
"247","NRG Esports"
"248","Phoenix1"
"249","Team Liquid"
"250","Apex Gaming"
"251","Immortals"
"252","Counter Logic Gaming"
"253","Counter Logic Gaming"
"254","Immortals"
"255","Team Liquid"
"256","Team Liquid"
"257","Team SoloMid"
"258","Cloud9"
"259","Team SoloMid"
"260","Team Liquid"
"261","Cloud9"
"262","Team Liquid"
"263","Cloud9"
"264","Team SoloMid"
"265","Team EnVyUs"
"266","Immortals"
"267","Team EnVyUs"
"268","Team SoloMid"
"269","Cloud9"
"270","Phoenix1"
"271","Team SoloMid"
"272","Cloud9"
"273","Team SoloMid"
"274","Counter Logic Gaming"
"275","NRG Esports"
"276","Counter Logic Gaming"
"277","Team Liquid"
"278","NRG Esports"
"279","Team EnVyUs"
"280","Apex Gaming"
"281","Team EnVyUs"
"282","Immortals"
"283","Immortals"
"284","NRG Esports"
"285","Cloud9"
"286","Cloud9"
"287","Echo Fox"
"288","Immortals"
"289","Apex Gaming"
"290","Immortals"
"291","Counter Logic Gaming"
"292","Team SoloMid"
"293","Apex Gaming"
"294","Team SoloMid"
"295","Team EnVyUs"
"296","Apex Gaming"
"297","Team EnVyUs"
"298","Apex Gaming"
"299","Immortals"
"300","Echo Fox"
"301","Cloud9"
"302","Echo Fox"
"303","Immortals"
"304","Team EnVyUs"
"305","NRG Esports"
"306","Team EnVyUs"
"307","Team SoloMid"
"308","Team SoloMid"
"309","G2 Esports"
"310","Giants Gaming"
"311","Origen"
"312","Team Vitality"
"313","H2k-Gaming"
"314","G2 Esports"
"315","Team ROCCAT"
"316","Unicorns Of Love"
"317","Elements"
"318","Origen"
"319","Origen"
"320","H2k-Gaming"
"321","Team Vitality"
"322","Elements"
"323","G2 Esports"
"324","Splyce"
"325","G2 Esports"
"326","Origen"
"327","H2k-Gaming"
"328","Fnatic"
"329","Team Vitality"
"330","Fnatic"
"331","Unicorns Of Love"
"332","H2k-Gaming"
"333","G2 Esports"
"334","Team ROCCAT"
"335","Origen"
"336","H2k-Gaming"
"337","Team Vitality"
"338","G2 Esports"
"339","G2 Esports"
"340","Splyce"
"341","H2k-Gaming"
"342","Team Vitality"
"343","Giants Gaming"
"344","Team Vitality"
"345","Fnatic"
"346","Unicorns Of Love"
"347","Team ROCCAT"
"348","Origen"
"349","Splyce"
"350","Elements"
"351","G2 Esports"
"352","Unicorns Of Love"
"353","Team Vitality"
"354","Giants Gaming"
"355","Team Vitality"
"356","Origen"
"357","Fnatic"
"358","H2k-Gaming"
"359","Fnatic"
"360","Origen"
"361","Unicorns Of Love"
"362","H2k-Gaming"
"363","G2 Esports"
"364","H2k-Gaming"
"365","Unicorns Of Love"
"366","G2 Esports"
"367","Fnatic"
"368","Team Vitality"
"369","H2k-Gaming"
"370","Fnatic"
"371","G2 Esports"
"372","Team Vitality"
"373","Origen"
"374","H2k-Gaming"
"375","Unicorns Of Love"
"376","G2 Esports"
"377","Origen"
"378","Splyce"
"379","H2k-Gaming"
"380","Splyce"
"381","Unicorns Of Love"
"382","Elements"
"383","Team Vitality"
"384","Fnatic"
"385","Team Vitality"
"386","Origen"
"387","Elements"
"388","G2 Esports"
"389","G2 Esports"
"390","H2k-Gaming"
"391","Team Vitality"
"392","Elements"
"393","Unicorns Of Love"
"394","Team ROCCAT"
"395","Unicorns Of Love"
"396","H2k-Gaming"
"397","G2 Esports"
"398","Fnatic"
"399","H2k-Gaming"
"400","G2 Esports"
"401","Team Vitality"
"402","G2 Esports"
"403","H2k-Gaming"
"404","Unicorns Of Love"
"405","Unicorns Of Love"
"406","H2k-Gaming"
"407","Giants Gaming"
"408","FC Schalke 04"
"409","Team Vitality"
"410","Giants Gaming"
"411","H2k-Gaming"
"412","H2k-Gaming"
"413","FC Schalke 04"
"414","Splyce"
"415","Giants Gaming"
"416","Splyce"
"417","Team ROCCAT"
"418","Team Vitality"
"419","Fnatic"
"420","G2 Esports"
"421","Fnatic"
"422","Origen"
"423","Unicorns Of Love"
"424","G2 Esports"
"425","Unicorns Of Love"
"426","G2 Esports"
"427","Giants Gaming"
"428","Splyce"
"429","Giants Gaming"
"430","Splyce"
"431","Team ROCCAT"
"432","Team ROCCAT"
"433","Giants Gaming"
"434","G2 Esports"
"435","Giants Gaming"
"436","G2 Esports"
"437","Splyce"
"438","H2k-Gaming"
"439","H2k-Gaming"
"440","Splyce"
"441","Origen"
"442","Origen"
"443","G2 Esports"
"444","Fnatic"
"445","G2 Esports"
"446","FC Schalke 04"
"447","Splyce"
"448","Unicorns Of Love"
"449","Team Vitality"
"450","Splyce"
"451","Fnatic"
"452","Fnatic"
"453","FC Schalke 04"
"454","Team Vitality"
"455","Origen"
"456","Team Vitality"
"457","G2 Esports"
"458","Unicorns Of Love"
"459","Unicorns Of Love"
"460","Splyce"
"461","Splyce"
"462","Splyce"
"463","Giants Gaming"
"464","G2 Esports"
"465","Giants Gaming"
"466","G2 Esports"
"467","Unicorns Of Love"
"468","Team Vitality"
"469","Team Vitality"
"470","Fnatic"
"471","H2k-Gaming"
"472","H2k-Gaming"
"473","G2 Esports"
"474","Splyce"
"475","Giants Gaming"
"476","Splyce"
"477","Fnatic"
"478","Unicorns Of Love"
"479","Fnatic"
"480","Unicorns Of Love"
"481","Giants Gaming"
"482","Giants Gaming"
"483","G2 Esports"
"484","Splyce"
"485","Splyce"
"486","Origen"
"487","H2k-Gaming"
"488","FC Schalke 04"
"489","Unicorns Of Love"
"490","Team ROCCAT"
"491","G2 Esports"
"492","G2 Esports"
"493","H2k-Gaming"
"494","FC Schalke 04"
"495","Origen"
"496","Team Vitality"
"497","Giants Gaming"
"498","Splyce"
"499","Giants Gaming"
"500","Unicorns Of Love"
"501","Origen"
"502","Splyce"
"503","Unicorns Of Love"
"504","Team Vitality"
"505","Unicorns Of Love"
"506","G2 Esports"
"507","Fnatic"
"508","FC Schalke 04"
"509","FC Schalke 04"
"510","Fnatic"
"511","H2k-Gaming"
"512","Splyce"
"513","Origen"
"514","Team ROCCAT"
"515","Fnatic"
"516","Unicorns Of Love"
"517","FC Schalke 04"
"518","Giants Gaming"
"519","Team Vitality"
"520","G2 Esports"
"521","Giants Gaming"
"522","Giants Gaming"
"523","H2k-Gaming"
"524","Fnatic"
"525","H2k-Gaming"
"526","Fnatic"
"527","FC Schalke 04"
"528","G2 Esports"
"529","G2 Esports"
"530","FC Schalke 04"
"531","Splyce"
"532","Splyce"
"533","G2 Esports"
"534","Team Vitality"
"535","H2k-Gaming"
"536","Team Vitality"
"537","Fnatic"
"538","Origen"
"539","Fnatic"
"540","Origen"
"541","Origen"
"542","FC Schalke 04"
"543","Giants Gaming"
"544","H2k-Gaming"
"545","Giants Gaming"
"546","H2k-Gaming"
"547","Team ROCCAT"
"548","G2 Esports"
"549","G2 Esports"
"550","Team ROCCAT"
"551","Splyce"
"552","Splyce"
"553","Team ROCCAT"
"554","Fnatic"
"555","G2 Esports"
"556","Fnatic"
"557","Origen"
"558","H2k-Gaming"
"559","H2k-Gaming"
"560","Team Vitality"
"561","FC Schalke 04"
"562","H2k-Gaming"
"563","Fnatic"
"564","G2 Esports"
"565","G2 Esports"
"566","Team Vitality"
"567","Team ROCCAT"
"568","Unicorns Of Love"
"569","Splyce"
"570","Unicorns Of Love"
"571","Fnatic"
"572","Fnatic"
"573","FC Schalke 04"
"574","Team Vitality"
"575","FC Schalke 04"
"576","Splyce"
"577","G2 Esports"
"578","H2k-Gaming"
"579","Team ROCCAT"
"580","G2 Esports"
"581","Energy Pacemaker.All"
"582","Energy Pacemaker.All"
"583","LGD Gaming"
"584","LGD Gaming"
"585","Snake Esports"
"586","Team WE"
"587","Team WE"
"588","Qiao Gu Reapers"
"589","Vici Gaming"
"590","Vici Gaming"
"591","EDward Gaming"
"592","EDward Gaming"
"593","Royal Never Give Up"
"594","Invictus Gaming"
"595","Royal Never Give Up"
"596","LGD Gaming"
"597","LGD Gaming"
"598","Snake Esports"
"599","Team WE"
"600","Snake Esports"
"601","Vici Gaming"
"602","Oh My God"
"603","Vici Gaming"
"604","Royal Never Give Up"
"605","Royal Never Give Up"
"606","Royal Never Give Up"
"607","Royal Never Give Up"
"608","Invictus Gaming"
"609","Invictus Gaming"
"610","EDward Gaming"
"611","EDward Gaming"
"612","LGD Gaming"
"613","LGD Gaming"
"614","Snake Esports"
"615","Snake Esports"
"616","Energy Pacemaker.All"
"617","Qiao Gu Reapers"
"618","Qiao Gu Reapers"
"619","Masters 3"
"620","Oh My God"
"621","Oh My God"
"622","Invictus Gaming"
"623","EDward Gaming"
"624","EDward Gaming"
"625","Royal Never Give Up"
"626","Snake Esports"
"627","Snake Esports"
"628","Energy Pacemaker.All"
"629","Energy Pacemaker.All"
"630","Qiao Gu Reapers"
"631","Team WE"
"632","Team WE"
"633","Snake Esports"
"634","Snake Esports"
"635","LGD Gaming"
"636","LGD Gaming"
"637","Energy Pacemaker.All"
"638","Royal Never Give Up"
"639","Royal Never Give Up"
"640","Vici Gaming"
"641","Oh My God"
"642","Oh My God"
"643","EDward Gaming"
"644","EDward Gaming"
"645","Team WE"
"646","Energy Pacemaker.All"
"647","Team WE"
"648","LGD Gaming"
"649","LGD Gaming"
"650","Invictus Gaming"
"651","Invictus Gaming"
"652","Vici Gaming"
"653","EDward Gaming"
"654","EDward Gaming"
"655","Vici Gaming"
"656","Vici Gaming"
"657","Snake Esports"
"658","EDward Gaming"
"659","EDward Gaming"
"660","Team WE"
"661","Oh My God"
"662","Team WE"
"663","Royal Never Give Up"
"664","Masters 3"
"665","Royal Never Give Up"
"666","Qiao Gu Reapers"
"667","Qiao Gu Reapers"
"668","Invictus Gaming"
"669","LGD Gaming"
"670","LGD Gaming"
"671","Vici Gaming"
"672","Vici Gaming"
"673","EDward Gaming"
"674","EDward Gaming"
"675","Royal Never Give Up"
"676","Royal Never Give Up"
"677","Masters 3"
"678","Masters 3"
"679","Invictus Gaming"
"680","Team WE"
"681","Team WE"
"682","Qiao Gu Reapers"
"683","Qiao Gu Reapers"
"684","LGD Gaming"
"685","LGD Gaming"
"686","Oh My God"
"687","Snake Esports"
"688","Oh My God"
"689","Team WE"
"690","Team WE"
"691","Royal Never Give Up"
"692","Royal Never Give Up"
"693","Oh My God"
"694","LGD Gaming"
"695","Oh My God"
"696","Qiao Gu Reapers"
"697","Qiao Gu Reapers"
"698","Oh My God"
"699","Oh My God"
"700","Energy Pacemaker.All"
"701","Invictus Gaming"
"702","Invictus Gaming"
"703","Snake Esports"
"704","EDward Gaming"
"705","Snake Esports"
"706","Vici Gaming"
"707","Vici Gaming"
"708","Hyper Youth Gaming"
"709","Hyper Youth Gaming"
"710","Royal Never Give Up"
"711","Royal Never Give Up"
"712","Invictus Gaming"
"713","Invictus Gaming"
"714","Snake Esports"
"715","Snake Esports"
"716","EDward Gaming"
"717","Team WE"
"718","EDward Gaming"
"719","Qiao Gu Reapers"
"720","Vici Gaming"
"721","Qiao Gu Reapers"
"722","Oh My God"
"723","Oh My God"
"724","Invictus Gaming"
"725","Royal Never Give Up"
"726","Royal Never Give Up"
"727","Snake Esports"
"728","Snake Esports"
"729","Energy Pacemaker.All"
"730","Energy Pacemaker.All"
"731","Qiao Gu Reapers"
"732","Qiao Gu Reapers"
"733","Vici Gaming"
"734","Masters 3"
"735","Vici Gaming"
"736","Team WE"
"737","Team WE"
"738","EDward Gaming"
"739","EDward Gaming"
"740","Qiao Gu Reapers"
"741","Qiao Gu Reapers"
"742","LGD Gaming"
"743","LGD Gaming"
"744","Team WE"
"745","Team WE"
"746","Vici Gaming"
"747","Vici Gaming"
"748","EDward Gaming"
"749","EDward Gaming"
"750","Invictus Gaming"
"751","Invictus Gaming"
"752","Royal Never Give Up"
"753","Snake Esports"
"754","Snake Esports"
"755","Team WE"
"756","Masters 3"
"757","Masters 3"
"758","EDward Gaming"
"759","EDward Gaming"
"760","Invictus Gaming"
"761","Vici Gaming"
"762","Invictus Gaming"
"763","Oh My God"
"764","Oh My God"
"765","Royal Never Give Up"
"766","Royal Never Give Up"
"767","EDward Gaming"
"768","EDward Gaming"
"769","Team WE"
"770","Team WE"
"771","Qiao Gu Reapers"
"772","Qiao Gu Reapers"
"773","Snake Esports"
"774","Energy Pacemaker.All"
"775","Snake Esports"
"776","Invictus Gaming"
"777","Invictus Gaming"
"778","Royal Never Give Up"
"779","Royal Never Give Up"
"780","Qiao Gu Reapers"
"781","Qiao Gu Reapers"
"782","Masters 3"
"783","Masters 3"
"784","Snake Esports"
"785","LGD Gaming"
"786","Snake Esports"
"787","Energy Pacemaker.All"
"788","Energy Pacemaker.All"
"789","Qiao Gu Reapers"
"790","Qiao Gu Reapers"
"791","Oh My God"
"792","Oh My God"
"793","Invictus Gaming"
"794","Hyper Youth Gaming"
"795","Royal Never Give Up"
"796","Vici Gaming"
"797","Royal Never Give Up"
"798","Qiao Gu Reapers"
"799","Qiao Gu Reapers"
"800","Team WE"
"801","Team WE"
"802","Energy Pacemaker.All"
"803","Vici Gaming"
"804","Vici Gaming"
"805","Royal Never Give Up"
"806","Royal Never Give Up"
"807","Invictus Gaming"
"808","Newbee"
"809","Invictus Gaming"
"810","EDward Gaming"
"811","EDward Gaming"
"812","Game Talents"
"813","Game Talents"
"814","Saint Gaming"
"815","Royal Never Give Up"
"816","Royal Never Give Up"
"817","LGD Gaming"
"818","LGD Gaming"
"819","Vici Gaming"
"820","Vici Gaming"
"821","EDward Gaming"
"822","EDward Gaming"
"823","Snake Esports"
"824","Saint Gaming"
"825","Snake Esports"
"826","Vici Gaming"
"827","Vici Gaming"
"828","Oh My God"
"829","Royal Never Give Up"
"830","LGD Gaming"
"831","Royal Never Give Up"
"832","Oh My God"
"833","Oh My God"
"834","Royal Never Give Up"
"835","Vici Gaming"
"836","Vici Gaming"
"837","LGD Gaming"
"838","Team WE"
"839","LGD Gaming"
"840","Snake Esports"
"841","Snake Esports"
"842","Invictus Gaming"
"843","Invictus Gaming"
"844","EDward Gaming"
"845","EDward Gaming"
"846","LGD Gaming"
"847","LGD Gaming"
"848","Team WE"
"849","Team WE"
"850","I May"
"851","Game Talents"
"852","Game Talents"
"853","Invictus Gaming"
"854","Invictus Gaming"
"855","Saint Gaming"
"856","Snake Esports"
"857","Snake Esports"
"858","Invictus Gaming"
"859","Newbee"
"860","Saint Gaming"
"861","Newbee"
"862","EDward Gaming"
"863","EDward Gaming"
"864","Royal Never Give Up"
"865","Royal Never Give Up"
"866","Vici Gaming"
"867","Team WE"
"868","Oh My God"
"869","Team WE"
"870","I May"
"871","I May"
"872","Snake Esports"
"873","Game Talents"
"874","Snake Esports"
"875","EDward Gaming"
"876","EDward Gaming"
"877","Team WE"
"878","Royal Never Give Up"
"879","Team WE"
"880","I May"
"881","Oh My God"
"882","I May"
"883","Snake Esports"
"884","Vici Gaming"
"885","Snake Esports"
"886","EDward Gaming"
"887","EDward Gaming"
"888","LGD Gaming"
"889","LGD Gaming"
"890","Oh My God"
"891","Oh My God"
"892","Royal Never Give Up"
"893","Royal Never Give Up"
"894","Team WE"
"895","Team WE"
"896","I May"
"897","I May"
"898","EDward Gaming"
"899","EDward Gaming"
"900","LGD Gaming"
"901","Vici Gaming"
"902","Vici Gaming"
"903","Saint Gaming"
"904","Saint Gaming"
"905","Newbee"
"906","LGD Gaming"
"907","Newbee"
"908","EDward Gaming"
"909","EDward Gaming"
"910","Royal Never Give Up"
"911","Royal Never Give Up"
"912","Vici Gaming"
"913","Vici Gaming"
"914","Oh My God"
"915","Oh My God"
"916","I May"
"917","I May"
"918","Invictus Gaming"
"919","Royal Never Give Up"
"920","Royal Never Give Up"
"921","Game Talents"
"922","Team WE"
"923","Team WE"
"924","Royal Never Give Up"
"925","Newbee"
"926","Royal Never Give Up"
"927","I May"
"928","I May"
"929","LGD Gaming"
"930","LGD Gaming"
"931","EDward Gaming"
"932","EDward Gaming"
"933","Snake Esports"
"934","Snake Esports"
"935","Team WE"
"936","Invictus Gaming"
"937","Team WE"
"938","I May"
"939","I May"
"940","EDward Gaming"
"941","Oh My God"
"942","EDward Gaming"
"943","Vici Gaming"
"944","Saint Gaming"
"945","Vici Gaming"
"946","Snake Esports"
"947","Snake Esports"
"948","Team WE"
"949","Game Talents"
"950","Game Talents"
"951","I May"
"952","I May"
"953","Royal Never Give Up"
"954","Royal Never Give Up"
"955","Newbee"
"956","Newbee"
"957","LGD Gaming"
"958","LGD Gaming"
"959","Game Talents"
"960","Team WE"
"961","Game Talents"
"962","Oh My God"
"963","Invictus Gaming"
"964","Oh My God"
"965","EDward Gaming"
"966","Royal Never Give Up"
"967","EDward Gaming"
"968","LGD Gaming"
"969","LGD Gaming"
"970","Oh My God"
"971","Royal Never Give Up"
"972","Royal Never Give Up"
"973","Team WE"
"974","Team WE"
"975","EDward Gaming"
"976","EDward Gaming"
"977","Newbee"
"978","Saint Gaming"
"979","Newbee"
"980","Snake Esports"
"981","Snake Esports"
"982","Vici Gaming"
"983","Vici Gaming"
"984","Royal Never Give Up"
"985","Royal Never Give Up"
"986","EDward Gaming"
"987","Invictus Gaming"
"988","EDward Gaming"
"989","Snake Esports"
"990","Snake Esports"
"991","Team WE"
"992","LGD Gaming"
"993","Snake Esports"
"994","Team WE"
"995","Snake Esports"
"996","Invictus Gaming"
"997","Invictus Gaming"
"998","EDward Gaming"
"999","EDward Gaming"
"1000","Vici Gaming"
"1001","I May"
"1002","Vici Gaming"
"1003","Royal Never Give Up"
"1004","Royal Never Give Up"
"1005","Invictus Gaming"
"1006","Saint Gaming"
"1007","Invictus Gaming"
"1008","Game Talents"
"1009","Game Talents"
"1010","Team WE"
"1011","Team WE"
"1012","I May"
"1013","Vici Gaming"
"1014","Vici Gaming"
"1015","Team WE"
"1016","Team WE"
"1017","Royal Never Give Up"
"1018","Royal Never Give Up"
"1019","I May"
"1020","I May"
"1021","Newbee"
"1022","Invictus Gaming"
"1023","Newbee"
"1024","Game Talents"
"1025","Game Talents"
"1026","EDward Gaming"
"1027","EDward Gaming"
"1028","I May"
"1029","I May"
"1030","Royal Never Give Up"
"1031","Royal Never Give Up"
"1032","Team WE"
"1033","Game Talents"
"1034","Game Talents"
"1035","Snake Esports"
"1036","EDward Gaming"
"1037","Newbee"
"1038","EDward Gaming"
"1039","Longzhu Gaming"
"1040","Longzhu Gaming"
"1041","Jin Air Green Wings"
"1042","KT Rolster"
"1043","Kongdoo Monster"
"1044","KT Rolster"
"1045","SK Telecom T1"
"1046","SK Telecom T1"
"1047","Afreeca Freecs"
"1048","Afreeca Freecs"
"1049","Samsung Galaxy"
"1050","Kongdoo Monster"
"1051","Samsung Galaxy"
"1052","ROX Tigers"
"1053","ROX Tigers"
"1054","KT Rolster"
"1055","KT Rolster"
"1056","Afreeca Freecs"
"1057","Longzhu Gaming"
"1058","Afreeca Freecs"
"1059","ROX Tigers"
"1060","ROX Tigers"
"1061","SK Telecom T1"
"1062","SK Telecom T1"
"1063","Samsung Galaxy"
"1064","KT Rolster"
"1065","KT Rolster"
"1066","SBENU Sonicboom"
"1067","SBENU Sonicboom"
"1068","SK Telecom T1"
"1069","SK Telecom T1"
"1070","Afreeca Freecs"
"1071","Afreeca Freecs"
"1072","Longzhu Gaming"
"1073","Longzhu Gaming"
"1074","KT Rolster"
"1075","ROX Tigers"
"1076","KT Rolster"
"1077","Afreeca Freecs"
"1078","SBENU Sonicboom"
"1079","Afreeca Freecs"
"1080","SK Telecom T1"
"1081","SK Telecom T1"
"1082","Samsung Galaxy"
"1083","Jin Air Green Wings"
"1084","Samsung Galaxy"
"1085","ROX Tigers"
"1086","ROX Tigers"
"1087","SK Telecom T1"
"1088","SK Telecom T1"
"1089","Afreeca Freecs"
"1090","Afreeca Freecs"
"1091","KT Rolster"
"1092","ROX Tigers"
"1093","ROX Tigers"
"1094","Samsung Galaxy"
"1095","Samsung Galaxy"
"1096","Jin Air Green Wings"
"1097","Jin Air Green Wings"
"1098","CJ Entus"
"1099","SBENU Sonicboom"
"1100","SBENU Sonicboom"
"1101","Afreeca Freecs"
"1102","Afreeca Freecs"
"1103","Samsung Galaxy"
"1104","ROX Tigers"
"1105","ROX Tigers"
"1106","KT Rolster"
"1107","KT Rolster"
"1108","CJ Entus"
"1109","Longzhu Gaming"
"1110","CJ Entus"
"1111","Afreeca Freecs"
"1112","Afreeca Freecs"
"1113","Kongdoo Monster"
"1114","SK Telecom T1"
"1115","SK Telecom T1"
"1116","Samsung Galaxy"
"1117","Samsung Galaxy"
"1118","ROX Tigers"
"1119","KT Rolster"
"1120","KT Rolster"
"1121","Jin Air Green Wings"
"1122","Jin Air Green Wings"
"1123","SK Telecom T1"
"1124","SK Telecom T1"
"1125","Afreeca Freecs"
"1126","ROX Tigers"
"1127","ROX Tigers"
"1128","CJ Entus"
"1129","CJ Entus"
"1130","Jin Air Green Wings"
"1131","Jin Air Green Wings"
"1132","Longzhu Gaming"
"1133","Longzhu Gaming"
"1134","CJ Entus"
"1135","SBENU Sonicboom"
"1136","CJ Entus"
"1137","ROX Tigers"
"1138","ROX Tigers"
"1139","KT Rolster"
"1140","KT Rolster"
"1141","CJ Entus"
"1142","CJ Entus"
"1143","Kongdoo Monster"
"1144","Jin Air Green Wings"
"1145","Jin Air Green Wings"
"1146","CJ Entus"
"1147","Kongdoo Monster"
"1148","CJ Entus"
"1149","KT Rolster"
"1150","KT Rolster"
"1151","Longzhu Gaming"
"1152","ROX Tigers"
"1153","ROX Tigers"
"1154","Samsung Galaxy"
"1155","Samsung Galaxy"
"1156","Afreeca Freecs"
"1157","Afreeca Freecs"
"1158","SK Telecom T1"
"1159","ROX Tigers"
"1160","ROX Tigers"
"1161","KT Rolster"
"1162","CJ Entus"
"1163","KT Rolster"
"1164","Afreeca Freecs"
"1165","Afreeca Freecs"
"1166","Longzhu Gaming"
"1167","Longzhu Gaming"
"1168","Samsung Galaxy"
"1169","CJ Entus"
"1170","Samsung Galaxy"
"1171","Jin Air Green Wings"
"1172","KT Rolster"
"1173","Jin Air Green Wings"
"1174","SK Telecom T1"
"1175","SK Telecom T1"
"1176","CJ Entus"
"1177","Afreeca Freecs"
"1178","CJ Entus"
"1179","ROX Tigers"
"1180","ROX Tigers"
"1181","Longzhu Gaming"
"1182","Longzhu Gaming"
"1183","SBENU Sonicboom"
"1184","Longzhu Gaming"
"1185","Longzhu Gaming"
"1186","Samsung Galaxy"
"1187","Jin Air Green Wings"
"1188","Samsung Galaxy"
"1189","SK Telecom T1"
"1190","SK Telecom T1"
"1191","ROX Tigers"
"1192","Afreeca Freecs"
"1193","ROX Tigers"
"1194","CJ Entus"
"1195","Longzhu Gaming"
"1196","CJ Entus"
"1197","KT Rolster"
"1198","KT Rolster"
"1199","Jin Air Green Wings"
"1200","Jin Air Green Wings"
"1201","ROX Tigers"
"1202","ROX Tigers"
"1203","Longzhu Gaming"
"1204","Longzhu Gaming"
"1205","SK Telecom T1"
"1206","e-mFire"
"1207","SK Telecom T1"
"1208","KT Rolster"
"1209","KT Rolster"
"1210","Jin Air Green Wings"
"1211","Jin Air Green Wings"
"1212","ROX Tigers"
"1213","ROX Tigers"
"1214","SK Telecom T1"
"1215","Afreeca Freecs"
"1216","Afreeca Freecs"
"1217","ROX Tigers"
"1218","ROX Tigers"
"1219","e-mFire"
"1220","e-mFire"
"1221","SBENU Sonicboom"
"1222","Jin Air Green Wings"
"1223","Afreeca Freecs"
"1224","Jin Air Green Wings"
"1225","SK Telecom T1"
"1226","SK Telecom T1"
"1227","CJ Entus"
"1228","CJ Entus"
"1229","SBENU Sonicboom"
"1230","ROX Tigers"
"1231","KT Rolster"
"1232","ROX Tigers"
"1233","Jin Air Green Wings"
"1234","Jin Air Green Wings"
"1235","Samsung Galaxy"
"1236","Samsung Galaxy"
"1237","Longzhu Gaming"
"1238","Jin Air Green Wings"
"1239","Jin Air Green Wings"
"1240","Samsung Galaxy"
"1241","Samsung Galaxy"
"1242","ROX Tigers"
"1243","ROX Tigers"
"1244","KT Rolster"
"1245","KT Rolster"
"1246","Samsung Galaxy"
"1247","Samsung Galaxy"
"1248","Longzhu Gaming"
"1249","Longzhu Gaming"
"1250","KT Rolster"
"1251","KT Rolster"
"1252","SK Telecom T1"
"1253","SK Telecom T1"
"1254","KT Rolster"
"1255","KT Rolster"
"1256","Jin Air Green Wings"
"1257","ESC Ever"
"1258","Jin Air Green Wings"
"1259","Longzhu Gaming"
"1260","Longzhu Gaming"
"1261","ROX Tigers"
"1262","ROX Tigers"
"1263","KT Rolster"
"1264","KT Rolster"
"1265","ROX Tigers"
"1266","ROX Tigers"
"1267","SK Telecom T1"
"1268","Jin Air Green Wings"
"1269","SK Telecom T1"
"1270","CJ Entus"
"1271","CJ Entus"
"1272","ESC Ever"
"1273","Samsung Galaxy"
"1274","Samsung Galaxy"
"1275","Afreeca Freecs"
"1276","ROX Tigers"
"1277","ROX Tigers"
"1278","Samsung Galaxy"
"1279","Samsung Galaxy"
"1280","MVP"
"1281","KT Rolster"
"1282","ESC Ever"
"1283","KT Rolster"
"1284","Longzhu Gaming"
"1285","Afreeca Freecs"
"1286","Longzhu Gaming"
"1287","MVP"
"1288","MVP"
"1289","SK Telecom T1"
"1290","SK Telecom T1"
"1291","KT Rolster"
"1292","KT Rolster"
"1293","Jin Air Green Wings"
"1294","Jin Air Green Wings"
"1295","Afreeca Freecs"
"1296","SK Telecom T1"
"1297","CJ Entus"
"1298","SK Telecom T1"
"1299","ESC Ever"
"1300","ESC Ever"
"1301","MVP"
"1302","Afreeca Freecs"
"1303","Afreeca Freecs"
"1304","Samsung Galaxy"
"1305","Samsung Galaxy"
"1306","Longzhu Gaming"
"1307","Jin Air Green Wings"
"1308","Longzhu Gaming"
"1309","ROX Tigers"
"1310","ROX Tigers"
"1311","Afreeca Freecs"
"1312","Afreeca Freecs"
"1313","CJ Entus"
"1314","SK Telecom T1"
"1315","SK Telecom T1"
"1316","KT Rolster"
"1317","KT Rolster"
"1318","ROX Tigers"
"1319","ROX Tigers"
"1320","Longzhu Gaming"
"1321","ESC Ever"
"1322","Longzhu Gaming"
"1323","ROX Tigers"
"1324","ROX Tigers"
"1325","Afreeca Freecs"
"1326","Afreeca Freecs"
"1327","KT Rolster"
"1328","Jin Air Green Wings"
"1329","KT Rolster"
"1330","Longzhu Gaming"
"1331","Longzhu Gaming"
"1332","ESC Ever"
"1333","Afreeca Freecs"
"1334","ESC Ever"
"1335","ROX Tigers"
"1336","ROX Tigers"
"1337","Samsung Galaxy"
"1338","Samsung Galaxy"
"1339","SK Telecom T1"
"1340","SK Telecom T1"
"1341","ROX Tigers"
"1342","Jin Air Green Wings"
"1343","ROX Tigers"
"1344","SK Telecom T1"
"1345","SK Telecom T1"
"1346","KT Rolster"
"1347","MVP"
"1348","MVP"
"1349","CJ Entus"
"1350","Samsung Galaxy"
"1351","Samsung Galaxy"
"1352","SK Telecom T1"
"1353","SK Telecom T1"
"1354","CJ Entus"
"1355","CJ Entus"
"1356","Samsung Galaxy"
"1357","Samsung Galaxy"
"1358","MVP"
"1359","MVP"
"1360","Afreeca Freecs"
"1361","Afreeca Freecs"
"1362","KT Rolster"
"1363","ESC Ever"
"1364","SK Telecom T1"
"1365","ESC Ever"
"1366","Afreeca Freecs"
"1367","MVP"
"1368","Afreeca Freecs"
"1369","KT Rolster"
"1370","KT Rolster"
"1371","Jin Air Green Wings"
"1372","MVP"
"1373","MVP"
"1374","ROX Tigers"
"1375","ROX Tigers"
"1376","KT Rolster"
"1377","CJ Entus"
"1378","KT Rolster"
"1379","SK Telecom T1"
"1380","SK Telecom T1"
"1381","Samsung Galaxy"
"1382","Samsung Galaxy"
"1383","ESC Ever"
"1384","ROX Tigers"
"1385","ROX Tigers"
"1386","MVP"
"1387","MVP"
"1388","Afreeca Freecs"
"1389","Afreeca Freecs"
"1390","KT Rolster"
"1391","KT Rolster"
"1392","MVP"
"1393","MVP"
"1394","Samsung Galaxy"
"1395","CJ Entus"
"1396","Samsung Galaxy"
"1397","KT Rolster"
"1398","KT Rolster"
"1399","ROX Tigers"
"1400","ROX Tigers"
"1401","Jin Air Green Wings"
"1402","SK Telecom T1"
"1403","Jin Air Green Wings"
"1404","ESC Ever"
"1405","ESC Ever"
"1406","Longzhu Gaming"
"1407","Longzhu Gaming"
"1408","ROX Tigers"
"1409","ROX Tigers"
"1410","CJ Entus"
"1411","Jin Air Green Wings"
"1412","Jin Air Green Wings"
"1413","SK Telecom T1"
"1414","SK Telecom T1"
"1415","SK Telecom T1"
"1416","SK Telecom T1"
"1417","MVP"
"1418","MVP"
"1419","KT Rolster"
"1420","KT Rolster"
"1421","Jin Air Green Wings"
"1422","Jin Air Green Wings"
"1423","Longzhu Gaming"
"1424","Longzhu Gaming"
"1425","ROX Tigers"
"1426","KT Rolster"
"1427","ROX Tigers"
"1428","Samsung Galaxy"
"1429","Samsung Galaxy"
"1430","CJ Entus"
"1431","CJ Entus"
"1432","Longzhu Gaming"
"1433","SK Telecom T1"
"1434","SK Telecom T1"
"1435","Afreeca Freecs"
"1436","Afreeca Freecs"
"1437","SK Telecom T1"
"1438","SK Telecom T1"
"1439","Samsung Galaxy"
"1440","Samsung Galaxy"
"1441","ROX Tigers"
"1442","ROX Tigers"
"1443","SK Telecom T1"
"1444","SK Telecom T1"
"1445","KT Rolster"
"1446","KT Rolster"
"1447","Longzhu Gaming"
"1448","ROX Tigers"
"1449","MVP"
"1450","ROX Tigers"
"1451","Jin Air Green Wings"
"1452","ESC Ever"
"1453","Jin Air Green Wings"
"1454","Samsung Galaxy"
"1455","Samsung Galaxy"
"1456","Jin Air Green Wings"
"1457","Jin Air Green Wings"
"1458","KT Rolster"
"1459","KT Rolster"
"1460","Samsung Galaxy"
"1461","Samsung Galaxy"
"1462","ESC Ever"
"1463","ESC Ever"
"1464","Afreeca Freecs"
"1465","Afreeca Freecs"
"1466","Flash Wolves"
"1467","ahq e-Sports Club"
"1468","Taipei Assassins"
"1469","Machi E-Sports"
"1470","Midnight Sun Esports"
"1471","Midnight Sun Esports"
"1472","Hong Kong Esports"
"1473","Hong Kong Esports"
"1474","Taipei Assassins"
"1475","Taipei Assassins"
"1476","ahq e-Sports Club"
"1477","Machi E-Sports"
"1478","Hong Kong Esports"
"1479","Midnight Sun Esports"
"1480","Cougar E-Sport"
"1481","eXtreme Gamers"
"1482","ahq e-Sports Club"
"1483","ahq e-Sports Club"
"1484","eXtreme Gamers"
"1485","Midnight Sun Esports"
"1486","Machi E-Sports"
"1487","Machi E-Sports"
"1488","Flash Wolves"
"1489","Flash Wolves"
"1490","ahq e-Sports Club"
"1491","ahq e-Sports Club"
"1492","Taipei Assassins"
"1493","Taipei Assassins"
"1494","Hong Kong Esports"
"1495","Hong Kong Esports"
"1496","Flash Wolves"
"1497","Flash Wolves"
"1498","Hong Kong Esports"
"1499","Taipei Assassins"
"1500","ahq e-Sports Club"
"1501","ahq e-Sports Club"
"1502","Machi E-Sports"
"1503","Hong Kong Esports"
"1504","Flash Wolves"
"1505","Flash Wolves"
"1506","Flash Wolves"
"1507","Flash Wolves"
"1508","Midnight Sun Esports"
"1509","Machi E-Sports"
"1510","Machi E-Sports"
"1511","Machi E-Sports"
"1512","Flash Wolves"
"1513","Flash Wolves"
"1514","ahq e-Sports Club"
"1515","ahq e-Sports Club"
"1516","Taipei Assassins"
"1517","Taipei Assassins"
"1518","Taipei Assassins"
"1519","Taipei Assassins"
"1520","ahq e-Sports Club"
"1521","Hong Kong Esports"
"1522","ahq e-Sports Club"
"1523","ahq e-Sports Club"
"1524","Midnight Sun Esports"
"1525","Midnight Sun Esports"
"1526","Flash Wolves"
"1527","Flash Wolves"
"1528","Hong Kong Esports"
"1529","eXtreme Gamers"
"1530","Hong Kong Esports"
"1531","Flash Wolves"
"1532","ahq e-Sports Club"
"1533","ahq e-Sports Club"
"1534","ahq e-Sports Club"
"1535","ahq e-Sports Club"
"1536","Taipei Assassins"
"1537","Taipei Assassins"
"1538","Machi E-Sports"
"1539","Machi E-Sports"
"1540","Midnight Sun Esports"
"1541","Taipei Assassins"
"1542","Hong Kong Esports"
"1543","Taipei Assassins"
"1544","ahq e-Sports Club"
"1545","ahq e-Sports Club"
"1546","Hong Kong Esports"
"1547","Machi E-Sports"
"1548","Flash Wolves"
"1549","Flash Wolves"
"1550","Flash Wolves"
"1551","Flash Wolves"
"1552","Machi E-Sports"
"1553","Machi E-Sports"
"1554","eXtreme Gamers"
"1555","eXtreme Gamers"
"1556","Taipei Assassins"
"1557","Taipei Assassins"
"1558","Flash Wolves"
"1559","Flash Wolves"
"1560","eXtreme Gamers"
"1561","eXtreme Gamers"
"1562","ahq e-Sports Club"
"1563","ahq e-Sports Club"
"1564","Machi E-Sports"
"1565","Machi E-Sports"
"1566","Taipei Assassins"
"1567","Taipei Assassins"
"1568","eXtreme Gamers"
"1569","Midnight Sun Esports"
"1570","ahq e-Sports Club"
"1571","ahq e-Sports Club"
"1572","Hong Kong Esports"
"1573","Hong Kong Esports"
"1574","Hong Kong Esports"
"1575","Hong Kong Esports"
"1576","ahq e-Sports Club"
"1577","ahq e-Sports Club"
"1578","J Team"
"1579","Hong Kong Esports"
"1580","Flash Wolves"
"1581","Flash Wolves"
"1582","eXtreme Gamers"
"1583","Team Mist"
"1584","ahq e-Sports Club"
"1585","Flash Wolves"
"1586","Hong Kong Esports"
"1587","Midnight Sun Esports"
"1588","Machi E-Sports"
"1589","Team Mist"
"1590","ahq e-Sports Club"
"1591","J Team"
"1592","eXtreme Gamers"
"1593","eXtreme Gamers"
"1594","ahq e-Sports Club"
"1595","ahq e-Sports Club"
"1596","J Team"
"1597","J Team"
"1598","Hong Kong Esports"
"1599","Hong Kong Esports"
"1600","Flash Wolves"
"1601","Flash Wolves"
"1602","Hong Kong Esports"
"1603","Hong Kong Esports"
"1604","J Team"
"1605","J Team"
"1606","Flash Wolves"
"1607","Flash Wolves"
"1608","Midnight Sun Esports"
"1609","ahq e-Sports Club"
"1610","ahq e-Sports Club"
"1611","ahq e-Sports Club"
"1612","Hong Kong Esports"
"1613","Team Mist"
"1614","Midnight Sun Esports"
"1615","Machi E-Sports"
"1616","Flash Wolves"
"1617","Hong Kong Esports"
"1618","ahq e-Sports Club"
"1619","ahq e-Sports Club"
"1620","J Team"
"1621","J Team"
"1622","Flash Wolves"
"1623","Flash Wolves"
"1624","J Team"
"1625","J Team"
"1626","J Team"
"1627","Flash Wolves"
"1628","Machi E-Sports"
"1629","eXtreme Gamers"
"1630","Midnight Sun Esports"
"1631","Midnight Sun Esports"
"1632","ahq e-Sports Club"
"1633","ahq e-Sports Club"
"1634","Machi E-Sports"
"1635","Midnight Sun Esports"
"1636","J Team"
"1637","J Team"
"1638","Hong Kong Esports"
"1639","Hong Kong Esports"
"1640","ahq e-Sports Club"
"1641","ahq e-Sports Club"
"1642","Flash Wolves"
"1643","Flash Wolves"
"1644","J Team"
"1645","J Team"
"1646","ahq e-Sports Club"
"1647","ahq e-Sports Club"
"1648","eXtreme Gamers"
"1649","eXtreme Gamers"
"1650","Midnight Sun Esports"
"1651","Hong Kong Esports"
"1652","J Team"
"1653","J Team"
"1654","Flash Wolves"
"1655","Flash Wolves"
"1656","ahq e-Sports Club"
"1657","ahq e-Sports Club"
"1658","Flash Wolves"
"1659","Flash Wolves"
"1660","J Team"
"1661","J Team"
"1662","Midnight Sun Esports"
"1663","Midnight Sun Esports"
"1664","Machi E-Sports"
"1665","Machi E-Sports"
"1666","Flash Wolves"
"1667","Flash Wolves"
"1668","Machi E-Sports"
"1669","Machi E-Sports"
"1670","Flash Wolves"
"1671","Flash Wolves"
"1672","ahq e-Sports Club"
"1673","ahq e-Sports Club"
"1674","J Team"
"1675","J Team"
"1676","Midnight Sun Esports"
"1677","Midnight Sun Esports"
"1678","ahq e-Sports Club"
"1679","ahq e-Sports Club"
"1680","Hong Kong Esports"
"1681","Hong Kong Esports"
"1682","Hong Kong Esports"
"1683","Hong Kong Esports"
"1684","J Team"
"1685","J Team"
"1686","Flash Wolves"
"1687","Flash Wolves"
"1688","Machi E-Sports"
"1689","J Team"
"1690","Saigon Jokers"
"1691","Saigon Jokers"
"1692","Bangkok Titans"
"1693","Saigon Jokers"
"1694","Bangkok Titans"
"1695","Bangkok Titans"
"1696","Bangkok Titans"
"1697","Kuala Lumpur Hunters"
"1698","Saigon Jokers"
"1699","Saigon Jokers"
"1700","Saigon Jokers"
"1701","Imperium Pro Team"
"1702","Saigon Jokers"
"1703","Kuala Lumpur Hunters"
"1704","Imperium Pro Team"
"1705","Kuala Lumpur Hunters"
"1706","Saigon Jokers"
"1707","Imperium Pro Team"
"1708","Bangkok Titans"
"1709","Bangkok Titans"
"1710","Team Rigel"
"1711","Saigon Jokers"
"1712","Kuala Lumpur Hunters"
"1713","Imperium Pro Team"
"1714","Imperium Pro Team"
"1715","Bangkok Titans"
"1716","Bangkok Titans"
"1717","Saigon Jokers"
"1718","Bangkok Titans"
"1719","Saigon Jokers"
"1720","Saigon Jokers"
"1721","Bangkok Titans"
"1722","Saigon Jokers"
"1723","Saigon Jokers"
"1724","Saigon Jokers"
"1725","Bangkok Titans"
"1726","Bangkok Titans"
"1727","Bangkok Titans"
"1728","Bangkok Titans"
"1729","Bangkok Titans"
"1730","Kuala Lumpur Hunters"
"1731","Saigon Jokers"
"1732","Vestigial"
"1733","Bangkok Titans"
"1734","Bangkok Titans"
"1735","Kuala Lumpur Hunters"
"1736","Acclaim EmpireX"
"1737","Bangkok Titans"
"1738","Saigon Jokers"
"1739","Vestigial"
"1740","Kuala Lumpur Hunters"
"1741","Vestigial"
"1742","Saigon Jokers"
"1743","Acclaim EmpireX"
"1744","Kuala Lumpur Hunters"
"1745","Saigon Jokers"
"1746","Unsold Stuff Gaming"
"1747","Unsold Stuff Gaming"
"1748","7th heaven"
"1749","7th heaven"
"1750","DetonatioN FocusMe"
"1751","DetonatioN FocusMe"
"1752","DetonatioN FocusMe"
"1753","DetonatioN FocusMe"
"1754","Unsold Stuff Gaming"
"1755","Unsold Stuff Gaming"
"1756","7th heaven"
"1757","7th heaven"
"1758","DetonatioN FocusMe"
"1759","DetonatioN FocusMe"
"1760","Rampage"
"1761","Team BlackEye"
"1762","Rampage"
"1763","7th heaven"
"1764","7th heaven"
"1765","Rascal Jester"
"1766","Unsold Stuff Gaming"
"1767","Unsold Stuff Gaming"
"1768","DetonatioN FocusMe"
"1769","DetonatioN FocusMe"
"1770","Rampage"
"1771","Rampage"
"1772","DetonatioN FocusMe"
"1773","DetonatioN FocusMe"
"1774","Rampage"
"1775","Rascal Jester"
"1776","Rascal Jester"
"1777","Unsold Stuff Gaming"
"1778","7th heaven"
"1779","Unsold Stuff Gaming"
"1780","Rampage"
"1781","Rampage"
"1782","Unsold Stuff Gaming"
"1783","7th heaven"
"1784","7th heaven"
"1785","DetonatioN FocusMe"
"1786","DetonatioN FocusMe"
"1787","Rampage"
"1788","7th heaven"
"1789","Rampage"
"1790","Unsold Stuff Gaming"
"1791","Unsold Stuff Gaming"
"1792","DetonatioN FocusMe"
"1793","DetonatioN FocusMe"
"1794","Rascal Jester"
"1795","Rascal Jester"
"1796","7th heaven"
"1797","Rampage"
"1798","Rampage"
"1799","DetonatioN FocusMe"
"1800","DetonatioN FocusMe"
"1801","Unsold Stuff Gaming"
"1802","Unsold Stuff Gaming"
"1803","Unsold Stuff Gaming"
"1804","DetonatioN FocusMe"
"1805","DetonatioN FocusMe"
"1806","Rampage"
"1807","Rampage"
"1808","DetonatioN FocusMe"
"1809","DetonatioN FocusMe"
"1810","Rascal Jester"
"1811","Rascal Jester"
"1812","7th heaven"
"1813","7th heaven"
"1814","Unsold Stuff Gaming"
"1815","Rampage"
"1816","DetonatioN FocusMe"
"1817","Rampage"
"1818","7th heaven"
"1819","7th heaven"
"1820","SCARZ"
"1821","SCARZ"
"1822","Rampage"
"1823","Rampage"
"1824","7th heaven"
"1825","7th heaven"
"1826","DetonatioN FocusMe"
"1827","DetonatioN FocusMe"
"1828","Rampage"
"1829","Rampage"
"1830","SCARZ"
"1831","SCARZ"
"1832","Unsold Stuff Gaming"
"1833","DetonatioN FocusMe"
"1834","DetonatioN FocusMe"
"1835","Team BlackEye"
"1836","Team BlackEye"
"1837","Unsold Stuff Gaming"
"1838","Rampage"
"1839","Rampage"
"1840","DetonatioN FocusMe"
"1841","DetonatioN FocusMe"
"1842","7th heaven"
"1843","7th heaven"
"1844","DetonatioN FocusMe"
"1845","DetonatioN FocusMe"
"1846","Team BlackEye"
"1847","Rampage"
"1848","Rampage"
"1849","DetonatioN FocusMe"
"1850","DetonatioN FocusMe"
"1851","7th heaven"
"1852","7th heaven"
"1853","Unsold Stuff Gaming"
"1854","Team BlackEye"
"1855","SCARZ"
"1856","Team BlackEye"
"1857","Rampage"
"1858","Rampage"
"1859","7th heaven"
"1860","7th heaven"
"1861","DetonatioN FocusMe"
"1862","DetonatioN FocusMe"
"1863","7th heaven"
"1864","DetonatioN FocusMe"
"1865","7th heaven"
"1866","Unsold Stuff Gaming"
"1867","SCARZ"
"1868","Unsold Stuff Gaming"
"1869","Rampage"
"1870","Rampage"
"1871","DetonatioN FocusMe"
"1872","DetonatioN FocusMe"
"1873","Rampage"
"1874","Rampage"
"1875","Unsold Stuff Gaming"
"1876","Team BlackEye"
"1877","Unsold Stuff Gaming"
"1878","Rampage"
"1879","Rampage"
"1880","Unsold Stuff Gaming"
"1881","DetonatioN FocusMe"
"1882","Team BlackEye"
"1883","DetonatioN FocusMe"
"1884","7th heaven"
"1885","7th heaven"
"1886","paiN Gaming"
"1887","g3nerationX"
"1888","CNB e-Sports Club"
"1889","KaBuM! e-Sports"
"1890","Keyd Stars"
"1891","Keyd Stars"
"1892","INTZ e-Sports"
"1893","Operation Kino"
"1894","CNB e-Sports Club"
"1895","g3nerationX"
"1896","RED Canids"
"1897","paiN Gaming"
"1898","Keyd Stars"
"1899","Keyd Stars"
"1900","INTZ e-Sports"
"1901","KaBuM! e-Sports"
"1902","paiN Gaming"
"1903","Keyd Stars"
"1904","g3nerationX"
"1905","g3nerationX"
"1906","KaBuM! e-Sports"
"1907","Operation Kino"
"1908","CNB e-Sports Club"
"1909","INTZ e-Sports"
"1910","INTZ e-Sports"
"1911","INTZ e-Sports"
"1912","RED Canids"
"1913","RED Canids"
"1914","KaBuM! e-Sports"
"1915","KaBuM! e-Sports"
"1916","paiN Gaming"
"1917","paiN Gaming"
"1918","KaBuM! e-Sports"
"1919","Keyd Stars"
"1920","RED Canids"
"1921","RED Canids"
"1922","INTZ e-Sports"
"1923","INTZ e-Sports"
"1924","Operation Kino"
"1925","Operation Kino"
"1926","paiN Gaming"
"1927","paiN Gaming"
"1928","Operation Kino"
"1929","g3nerationX"
"1930","Keyd Stars"
"1931","Keyd Stars"
"1932","INTZ e-Sports"
"1933","INTZ e-Sports"
"1934","KaBuM! e-Sports"
"1935","RED Canids"
"1936","Keyd Stars"
"1937","Keyd Stars"
"1938","Operation Kino"
"1939","Operation Kino"
"1940","INTZ e-Sports"
"1941","paiN Gaming"
"1942","CNB e-Sports Club"
"1943","CNB e-Sports Club"
"1944","Big Gods"
"1945","Operation Kino"
"1946","INTZ e-Sports"
"1947","paiN Gaming"
"1948","RED Canids"
"1949","RED Canids"
"1950","Keyd Stars"
"1951","Operation Kino"
"1952","CNB e-Sports Club"
"1953","CNB e-Sports Club"
"1954","INTZ e-Sports"
"1955","INTZ e-Sports"
"1956","RED Canids"
"1957","paiN Gaming"
"1958","paiN Gaming"
"1959","Keyd Stars"
"1960","Operation Kino"
"1961","Operation Kino"
"1962","CNB e-Sports Club"
"1963","CNB e-Sports Club"
"1964","INTZ e-Sports"
"1965","Big Gods"
"1966","INTZ e-Sports"
"1967","INTZ e-Sports"
"1968","Big Gods"
"1969","Big Gods"
"1970","Keyd Stars"
"1971","Keyd Stars"
"1972","paiN Gaming"
"1973","CNB e-Sports Club"
"1974","paiN Gaming"
"1975","paiN Gaming"
"1976","Keyd Stars"
"1977","Keyd Stars"
"1978","INTZ e-Sports"
"1979","INTZ e-Sports"
"1980","CNB e-Sports Club"
"1981","Operation Kino"
"1982","paiN Gaming"
"1983","paiN Gaming"
"1984","KaBuM! e-Sports"
"1985","KaBuM! e-Sports"
"1986","INTZ e-Sports"
"1987","CNB e-Sports Club"
"1988","RED Canids"
"1989","Keyd Stars"
"1990","Big Gods"
"1991","paiN Gaming"
"1992","KaBuM! e-Sports"
"1993","KaBuM! e-Sports"
"1994","CNB e-Sports Club"
"1995","CNB e-Sports Club"
"1996","Keyd Stars"
"1997","INTZ e-Sports"
"1998","Havoks Gaming"
"1999","Havoks Gaming"
"2000","Revenge eSports"
"2001","Revenge eSports"
"2002","Havoks Gaming"
"2003","Havoks Gaming"
"2004","Lyon Gaming"
"2005","Lyon Gaming"
"2006","Lyon Gaming"
"2007","Lyon Gaming"
"2008","Havoks Gaming"
"2009","Havoks Gaming"
"2010","Galactic Gamers"
"2011","Galactic Gamers"
"2012","Havoks Gaming"
"2013","Havoks Gaming"
"2014","Galactic Gamers"
"2015","Galactic Gamers"
"2016","Lyon Gaming"
"2017","Lyon Gaming"
"2018","Galactic Gamers"
"2019","Galactic Gamers"
"2020","Lyon Gaming"
"2021","Lyon Gaming"
"2022","Tesla E-Sports"
"2023","Tesla E-Sports"
"2024","Havoks Gaming"
"2025","Havoks Gaming"
"2026","Galactic Gamers"
"2027","Galactic Gamers"
"2028","Lyon Gaming"
"2029","Lyon Gaming"
"2030","Revenge eSports"
"2031","Revenge eSports"
"2032","Galactic Gamers"
"2033","Galactic Gamers"
"2034","Tesla E-Sports"
"2035","Tesla E-Sports"
"2036","Lyon Gaming"
"2037","Lyon Gaming"
"2038","Lyon Gaming"
"2039","Galactic Gamers"
"2040","Galactic Gamers"
"2041","ZAGA Talent Gaming"
"2042","Just Toys Havoks"
"2043","ZAGA Talent Gaming"
"2044","Galactic Gamers"
"2045","Galactic Gamers"
"2046","Just Toys Havoks"
"2047","Revenge eSports"
"2048","Revenge eSports"
"2049","Lyon Gaming"
"2050","Lyon Gaming"
"2051","Just Toys Havoks"
"2052","Just Toys Havoks"
"2053","ZAGA Talent Gaming"
"2054","ZAGA Talent Gaming"
"2055","Lyon Gaming"
"2056","Lyon Gaming"
"2057","Just Toys Havoks"
"2058","Just Toys Havoks"
"2059","Galactic Gamers"
"2060","Galactic Gamers"
"2061","Lyon Gaming"
"2062","Lyon Gaming"
"2063","Galactic Gamers"
"2064","Galactic Gamers"
"2065","ZAGA Talent Gaming"
"2066","ZAGA Talent Gaming"
"2067","Lyon Gaming"
"2068","Lyon Gaming"
"2069","Just Toys Havoks"
"2070","Lyon Gaming"
"2071","Lyon Gaming"
"2072","Galactic Gamers"
"2073","Galactic Gamers"
"2074","ZAGA Talent Gaming"
"2075","Just Toys Havoks"
"2076","Just Toys Havoks"
"2077","Just Toys Havoks"
"2078","BrawL eSports"
"2079","Revenge eSports"
"2080","BrawL eSports"
"2081","Lyon Gaming"
"2082","Lyon Gaming"
"2083","Just Toys Havoks"
"2084","Just Toys Havoks"
"2085","ZAGA Talent Gaming"
"2086","ZAGA Talent Gaming"
"2087","Lyon Gaming"
"2088","Lyon Gaming"
"2089","Galactic Gamers"
"2090","Just Toys Havoks"
"2091","Just Toys Havoks"
"2092","Galactic Gamers"
"2093","Galactic Gamers"
"2094","ZAGA Talent Gaming"
"2095","Lyon Gaming"
"2096","Lyon Gaming"
"2097","Galactic Gamers"
"2098","Galactic Gamers"
"2099","BrawL eSports"
"2100","BrawL eSports"
"2101","Lyon Gaming"
"2102","Lyon Gaming"
"2103","Isurus Gaming"
"2104","Rebirth eSports"
"2105","Rebirth eSports"
"2106","Isurus Gaming"
"2107","Hafnet eSports"
"2108","Furious Gaming"
"2109","Furious Gaming"
"2110","Isurus Gaming"
"2111","Isurus Gaming"
"2112","Kaos Latin Gamers"
"2113","Last Kings"
"2114","Hafnet eSports"
"2115","Rebirth eSports"
"2116","Furious Gaming"
"2117","Furious Gaming"
"2118","Last Kings"
"2119","Rebirth eSports"
"2120","Kaos Latin Gamers"
"2121","Isurus Gaming"
"2122","Furious Gaming"
"2123","Rebirth eSports"
"2124","Hafnet eSports"
"2125","Hafnet eSports"
"2126","Last Kings"
"2127","Last Kings"
"2128","Isurus Gaming"
"2129","Rebirth eSports"
"2130","Last Kings"
"2131","Hafnet eSports"
"2132","Furious Gaming"
"2133","Furious Gaming"
"2134","Kaos Latin Gamers"
"2135","Kaos Latin Gamers"
"2136","Isurus Gaming"
"2137","Hafnet eSports"
"2138","Furious Gaming"
"2139","Last Kings"
"2140","Furious Gaming"
"2141","Furious Gaming"
"2142","Kaos Latin Gamers"
"2143","Last Kings"
"2144","Rebirth eSports"
"2145","Rebirth eSports"
"2146","Hafnet eSports"
"2147","Furious Gaming"
"2148","Last Kings"
"2149","Last Kings"
"2150","Isurus Gaming"
"2151","Isurus Gaming"
"2152","Rebirth eSports"
"2153","Furious Gaming"
"2154","Hafnet eSports"
"2155","Hafnet eSports"
"2156","Isurus Gaming"
"2157","Last Kings"
"2158","Rebirth eSports"
"2159","Rebirth eSports"
"2160","Last Kings"
"2161","Last Kings"
"2162","Furious Gaming"
"2163","Furious Gaming"
"2164","Hafnet eSports"
"2165","Hafnet eSports"
"2166","Furious Gaming"
"2167","Kaos Latin Gamers"
"2168","Isurus Gaming"
"2169","Isurus Gaming"
"2170","Hafnet eSports"
"2171","Hafnet eSports"
"2172","Rebirth eSports"
"2173","Last Kings"
"2174","Isurus Gaming"
"2175","Isurus Gaming"
"2176","Kaos Latin Gamers"
"2177","Last Kings"
"2178","Hafnet eSports"
"2179","Furious Gaming"
"2180","Rebirth eSports"
"2181","Isurus Gaming"
"2182","Furious Gaming"
"2183","Furious Gaming"
"2184","Kaos Latin Gamers"
"2185","Kaos Latin Gamers"
"2186","Hafnet eSports"
"2187","Isurus Gaming"
"2188","Furious Gaming"
"2189","Furious Gaming"
"2190","Hafnet eSports"
"2191","Last Kings"
"2192","Kaos Latin Gamers"
"2193","Kaos Latin Gamers"
"2194","Rebirth eSports"
"2195","Rebirth eSports"
"2196","Furious Gaming"
"2197","Kaos Latin Gamers"
"2198","Last Kings"
"2199","Isurus Gaming"
"2200","Kaos Latin Gamers"
"2201","Hafnet eSports"
"2202","Rebirth eSports"
"2203","Last Kings"
"2204","Isurus Gaming"
"2205","Isurus Gaming"
"2206","Kaos Latin Gamers"
"2207","Kaos Latin Gamers"
"2208","Furious Gaming"
"2209","Furious Gaming"
"2210","Isurus Gaming"
"2211","Isurus Gaming"
"2212","Furious Gaming"
"2213","Furious Gaming"
"2214","Rebirth eSports"
"2215","Kaos Latin Gamers"
"2216","Isurus Gaming"
"2217","Isurus Gaming"
"2218","Furious Gaming"
"2219","Furious Gaming"
"2220","Hafnet eSports"
"2221","Hafnet eSports"
"2222","Isurus Gaming"
"2223","Isurus Gaming"
"2224","SuperMassive eSports"
"2225","SuperMassive eSports"
"2226","SuperMassive eSports"
"2227","HWA Gaming"
"2228","Beşiktaş.OH"
"2229","Dark Passage"
"2230","HWA Gaming"
"2231","Team AURORA"
"2232","Team Turquality"
"2233","SuperMassive eSports"
"2234","Team AURORA"
"2235","Dark Passage"
"2236","Team Turquality"
"2237","SuperMassive eSports"
"2238","Beşiktaş.OH"
"2239","Dark Passage"
"2240","Team AURORA"
"2241","Dark Passage"
"2242","ÇİLEKLER"
"2243","Beşiktaş.OH"
"2244","Team AURORA"
"2245","HWA Gaming"
"2246","ÇİLEKLER"
"2247","SuperMassive eSports"
"2248","Team AURORA"
"2249","Dark Passage"
"2250","Team AURORA"
"2251","Team Turquality"
"2252","SuperMassive eSports"
"2253","Dark Passage"
"2254","Team AURORA"
"2255","Beşiktaş.OH"
"2256","HWA Gaming"
"2257","Beşiktaş.OH"
"2258","HWA Gaming"
"2259","SuperMassive eSports"
"2260","Team Turquality"
"2261","HWA Gaming"
"2262","Beşiktaş.OH"
"2263","Dark Passage"
"2264","ÇİLEKLER"
"2265","SuperMassive eSports"
"2266","Beşiktaş.OH"
"2267","Dark Passage"
"2268","Team AURORA"
"2269","Dark Passage"
"2270","NumberOne Esports"
"2271","HWA Gaming"
"2272","Team Turquality"
"2273","HWA Gaming"
"2274","Beşiktaş.OH"
"2275","SuperMassive eSports"
"2276","Dark Passage"
"2277","Team Turquality"
"2278","Team AURORA"
"2279","HWA Gaming"
"2280","SuperMassive eSports"
"2281","Dark Passage"
"2282","Team AURORA"
"2283","Beşiktaş.OH"
"2284","NumberOne Esports"
"2285","HWA Gaming"
"2286","SuperMassive eSports"
"2287","Dark Passage"
"2288","Dark Passage"
"2289","Team AURORA"
"2290","Team AURORA"
"2291","Team Turquality"
"2292","Team Turquality"
"2293","HWA Gaming"
"2294","HWA Gaming"
"2295","SuperMassive eSports"
"2296","SuperMassive eSports"
"2297","Team AURORA"
"2298","Team Turquality"
"2299","Crew e-Sports Club"
"2300","Crew e-Sports Club"
"2301","HWA Gaming"
"2302","HWA Gaming"
"2303","ÇİLEKLER"
"2304","ÇİLEKLER"
"2305","SuperMassive eSports"
"2306","SuperMassive eSports"
"2307","Team AURORA"
"2308","Crew e-Sports Club"
"2309","ÇİLEKLER"
"2310","ÇİLEKLER"
"2311","Crew e-Sports Club"
"2312","Team Turquality"
"2313","Beşiktaş.OH"
"2314","Beşiktaş.OH"
"2315","SuperMassive eSports"
"2316","SuperMassive eSports"
"2317","Crew e-Sports Club"
"2318","Crew e-Sports Club"
"2319","Dark Passage"
"2320","Dark Passage"
"2321","SuperMassive eSports"
"2322","SuperMassive eSports"
"2323","HWA Gaming"
"2324","HWA Gaming"
"2325","SuperMassive eSports"
"2326","Crew e-Sports Club"
"2327","Team AURORA"
"2328","Dark Passage"
"2329","ÇİLEKLER"
"2330","ÇİLEKLER"
"2331","Team Turquality"
"2332","Team Turquality"
"2333","Team Turquality"
"2334","Team Turquality"
"2335","ÇİLEKLER"
"2336","Team AURORA"
"2337","Team AURORA"
"2338","Team AURORA"
"2339","SuperMassive eSports"
"2340","HWA Gaming"
"2341","Dark Passage"
"2342","Dark Passage"
"2343","HWA Gaming"
"2344","HWA Gaming"
"2345","Team Turquality"
"2346","Dark Passage"
"2347","SuperMassive eSports"
"2348","SuperMassive eSports"
"2349","Dark Passage"
"2350","Dark Passage"
"2351","Team AURORA"
"2352","Team AURORA"
"2353","Crew e-Sports Club"
"2354","Beşiktaş.OH"
"2355","SuperMassive eSports"
"2356","SuperMassive eSports"
"2357","Team Turquality"
"2358","Team Turquality"
"2359","Team AURORA"
"2360","Team AURORA"
"2361","Beşiktaş.OH"
"2362","Beşiktaş.OH"
"2363","HWA Gaming"
"2364","HWA Gaming"
"2365","Dark Passage"
"2366","Dark Passage"
"2367","Crew e-Sports Club"
"2368","Crew e-Sports Club"
"2369","Team AURORA"
"2370","SuperMassive eSports"
"2371","HWA Gaming"
"2372","HWA Gaming"
"2373","Crew e-Sports Club"
"2374","ÇİLEKLER"
"2375","SuperMassive eSports"
"2376","SuperMassive eSports"
"2377","Team AURORA"
"2378","Team AURORA"
"2379","ÇİLEKLER"
"2380","Dark Passage"
"2381","Crew e-Sports Club"
"2382","SuperMassive eSports"
"2383","Beşiktaş.OH"
"2384","Beşiktaş.OH"
"2385","SuperMassive eSports"
"2386","SuperMassive eSports"
"2387","Dark Passage"
"2388","Dark Passage"
"2389","Team Turquality"
"2390","Team Turquality"
"2391","HWA Gaming"
"2392","HWA Gaming"
"2393","Dark Passage"
"2394","Dark Passage"
"2395","Team AURORA"
"2396","Beşiktaş.OH"
"2397","Sin Gaming"
"2398","Chiefs Esports Club"
"2399","Chiefs Esports Club"
"2400","Dire Wolves"
"2401","Dire Wolves"
"2402","Legacy Esports"
"2403","Legacy Esports"
"2404","Trident Esports"
"2405","Trident Esports"
"2406","Sin Gaming"
"2407","Sin Gaming"
"2408","Chiefs Esports Club"
"2409","Legacy Esports"
"2410","Chiefs Esports Club"
"2411","Trident Esports"
"2412","Trident Esports"
"2413","Avant Garde"
"2414","Avant Garde"
"2415","Avant Garde"
"2416","Avant Garde"
"2417","Dire Wolves"
"2418","Legacy Esports"
"2419","Legacy Esports"
"2420","Sin Gaming"
"2421","Sin Gaming"
"2422","Chiefs Esports Club"
"2423","Trident Esports"
"2424","Chiefs Esports Club"
"2425","Infernum Gaming"
"2426","Infernum Gaming"
"2427","Sin Gaming"
"2428","Chiefs Esports Club"
"2429","Sin Gaming"
"2430","Legacy Esports"
"2431","Legacy Esports"
"2432","Sin Gaming"
"2433","Sin Gaming"
"2434","Dire Wolves"
"2435","Dire Wolves"
"2436","Chiefs Esports Club"
"2437","Avant Garde"
"2438","Trident Esports"
"2439","Avant Garde"
"2440","Dire Wolves"
"2441","Dire Wolves"
"2442","Trident Esports"
"2443","Legacy Esports"
"2444","Legacy Esports"
"2445","Chiefs Esports Club"
"2446","Chiefs Esports Club"
"2447","Sin Gaming"
"2448","Avant Garde"
"2449","Sin Gaming"
"2450","Trident Esports"
"2451","Trident Esports"
"2452","Legacy Esports"
"2453","Legacy Esports"
"2454","Chiefs Esports Club"
"2455","Chiefs Esports Club"
"2456","Hellions e-Sports Club"
"2457","Hellions e-Sports Club"
"2458","Avant Garde"
"2459","Dire Wolves"
"2460","Dire Wolves"
"2461","Chiefs Esports Club"
"2462","Avant Garde"
"2463","Chiefs Esports Club"
"2464","Hellions e-Sports Club"
"2465","Trident Esports"
"2466","Hellions e-Sports Club"
"2467","Legacy Esports"
"2468","Legacy Esports"
"2469","Legacy Esports"
"2470","Legacy Esports"
"2471","Infernum Gaming"
"2472","Avant Garde"
"2473","Infernum Gaming"
"2474","Dire Wolves"
"2475","Dire Wolves"
"2476","Chiefs Esports Club"
"2477","Hellions e-Sports Club"
"2478","Hellions e-Sports Club"
"2479","Legacy Esports"
"2480","Legacy Esports"
"2481","Sin Gaming"
"2482","Sin Gaming"
"2483","Avant Garde"
"2484","Avant Garde"
"2485","Chiefs Esports Club"
"2486","Chiefs Esports Club"
"2487","Legacy Esports"
"2488","Legacy Esports"
"2489","Dire Wolves"
"2490","Dire Wolves"
"2491","Dire Wolves"
"2492","Dire Wolves"
"2493","Tainted Minds"
"2494","Tainted Minds"
"2495","Sin Gaming"
"2496","Chiefs Esports Club"
"2497","Avant Garde"
"2498","Chiefs Esports Club"
"2499","Abyss Esports"
"2500","Abyss Esports"
"2501","Chiefs Esports Club"
"2502","Chiefs Esports Club"
"2503","Dire Wolves"
"2504","Dire Wolves"
"2505","Tainted Minds"
"2506","Tainted Minds"
"2507","Avant Garde"
"2508","Legacy Esports"
"2509","Legacy Esports"
"2510","Chiefs Esports Club"
"2511","Chiefs Esports Club"
"2512","Avant Garde"
"2513","Avant Garde"
"2514","Sin Gaming"
"2515","Legacy Esports"
"2516","Legacy Esports"
"2517","Abyss Esports"
"2518","Abyss Esports"
"2519","Abyss Esports"
"2520","Abyss Esports"
"2521","Tainted Minds"
"2522","Tainted Minds"
"2523","Legacy Esports"
"2524","Legacy Esports"
"2525","Sin Gaming"
"2526","Avant Garde"
"2527","Avant Garde"
"2528","Dire Wolves"
"2529","Chiefs Esports Club"
"2530","Dire Wolves"
"2531","Abyss Esports"
"2532","Tainted Minds"
"2533","Abyss Esports"
"2534","Legacy Esports"
"2535","Legacy Esports"
"2536","Chiefs Esports Club"
"2537","Avant Garde"
"2538","Avant Garde"
"2539","Abyss Esports"
"2540","Sin Gaming"
"2541","Sin Gaming"
"2542","Dire Wolves"
"2543","Dire Wolves"
"2544","Sin Gaming"
"2545","Abyss Esports"
"2546","Sin Gaming"
"2547","Legacy Esports"
"2548","Tainted Minds"
"2549","Legacy Esports"
"2550","Dire Wolves"
"2551","Dire Wolves"
"2552","Chiefs Esports Club"
"2553","Chiefs Esports Club"
"2554","Dire Wolves"
"2555","Sin Gaming"
"2556","Dire Wolves"
"2557","Avant Garde"
"2558","Avant Garde"
"2559","Legacy Esports"
"2560","Chiefs Esports Club"
"2561","Avant Garde"
"2562","Chiefs Esports Club"
"2563","Dire Wolves"
"2564","Dire Wolves"
"2565","Legacy Esports"
"2566","Legacy Esports"
"2567","Abyss Esports"
"2568","Tainted Minds"
"2569","Tainted Minds"
"2570","Sin Gaming"
"2571","Avant Garde"
"2572","Avant Garde"
"2573","Chiefs Esports Club"
"2574","Chiefs Esports Club"
"2575","Dire Wolves"
"2576","Abyss Esports"
"2577","Dire Wolves"
"2578","Legacy Esports"
"2579","Legacy Esports"
"2580","Legacy Esports"
"2581","Legacy Esports"
"2582","Tainted Minds"
"2583","Tainted Minds"
"2584","Avant Garde"
"2585","Abyss Esports"
"2586","Hellions e-Sports Club"
"2587","Abyss Esports"
"2588","Chiefs Esports Club"
"2589","Chiefs Esports Club"
"2590","Vega Squadron"
"2591","Team Just"
"2592","Vega Squadron"
"2593","Team Just"
"2594","Vaevictis eSports"
"2595","Natus Vincere.CIS"
"2596","Vega Squadron"
"2597","Vaevictis eSports"
"2598","Team Empire"
"2599","Team Just"
"2600","Hard Random"
"2601","Natus Vincere.CIS"
"2602","Team Empire"
"2603","Hard Random"
"2604","RoX"
"2605","Vega Squadron"
"2606","Team Empire"
"2607","Team Just"
"2608","Vaevictis eSports"
"2609","Natus Vincere.CIS"
"2610","Hard Random"
"2611","Team Differential"
"2612","Natus Vincere.CIS"
"2613","Team Empire"
"2614","Vaevictis eSports"
"2615","Vega Squadron"
"2616","Hard Random"
"2617","Hard Random"
"2618","Vaevictis eSports"
"2619","RoX"
"2620","Team Empire"
"2621","Vega Squadron"
"2622","Team Empire"
"2623","Team Just"
"2624","Hard Random"
"2625","Vega Squadron"
"2626","Team Just"
"2627","Hard Random"
"2628","Natus Vincere.CIS"
"2629","Hard Random"
"2630","Natus Vincere.CIS"
"2631","RoX"
"2632","Team Empire"
"2633","Hard Random"
"2634","Natus Vincere.CIS"
"2635","Team Empire"
"2636","Team Just"
"2637","Natus Vincere.CIS"
"2638","Vega Squadron"
"2639","Hard Random"
"2640","Vaevictis eSports"
"2641","Natus Vincere.CIS"
"2642","Vaevictis eSports"
"2643","Vega Squadron"
"2644","RoX"
"2645","Team Empire"
"2646","Vaevictis eSports"
"2647","Hard Random"
"2648","Albus NoX Luna"
"2649","Team Just"
"2650","RoX"
"2651","Vega Squadron"
"2652","Vega Squadron"
"2653","Albus NoX Luna"
"2654","Natus Vincere.CIS"
"2655","Vaevictis eSports"
"2656","Natus Vincere.CIS"
"2657","Team Empire"
"2658","Vega Squadron"
"2659","RoX"
"2660","Vega Squadron"
"2661","RoX"
"2662","Albus NoX Luna"
"2663","Natus Vincere.CIS"
"2664","Albus NoX Luna"
"2665","Natus Vincere.CIS"
"2666","Team Just"
"2667","RoX"
"2668","Gambit Esports"
"2669","Vega Squadron"
"2670","Albus NoX Luna"
"2671","Natus Vincere.CIS"
"2672","Vaevictis eSports"
"2673","Gambit Esports"
"2674","RoX"
"2675","Albus NoX Luna"
"2676","Vaevictis eSports"
"2677","Albus NoX Luna"
"2678","Vega Squadron"
"2679","Gambit Esports"
"2680","Albus NoX Luna"
"2681","Natus Vincere.CIS"
"2682","Vega Squadron"
"2683","Gambit Esports"
"2684","Albus NoX Luna"
"2685","Natus Vincere.CIS"
"2686","Vega Squadron"
"2687","Vaevictis eSports"
"2688","Albus NoX Luna"
"2689","Vega Squadron"
"2690","RoX"
"2691","Albus NoX Luna"
"2692","Vaevictis eSports"
"2693","Natus Vincere.CIS"
"2694","RoX"
"2695","Gambit Esports"
"2696","RoX"
"2697","Albus NoX Luna"
"2698","Vaevictis eSports"
"2699","Vega Squadron"
"2700","Gambit Esports"
"2701","Vaevictis eSports"
"2702","Albus NoX Luna"
"2703","SK Telecom T1"
"2704","Samsung Galaxy"
"2705","Samsung Galaxy"
"2706","SK Telecom T1"
"2707","SK Telecom T1"
"2708","Samsung Galaxy"
"2709","Samsung Galaxy"
"2710","Samsung Galaxy"
"2711","SK Telecom T1"
"2712","SK Telecom T1"
"2713","ROX Tigers"
"2714","ROX Tigers"
"2715","SK Telecom T1"
"2716","H2k-Gaming"
"2717","H2k-Gaming"
"2718","H2k-Gaming"
"2719","ROX Tigers"
"2720","EDward Gaming"
"2721","ROX Tigers"
"2722","ROX Tigers"
"2723","SK Telecom T1"
"2724","SK Telecom T1"
"2725","SK Telecom T1"
"2726","Royal Never Give Up"
"2727","Samsung Galaxy"
"2728","Samsung Galaxy"
"2729","Samsung Galaxy"
"2730","SK Telecom T1"
"2731","Cloud9"
"2732","SK Telecom T1"
"2733","Flash Wolves"
"2734","SK Telecom T1"
"2735","I May"
"2736","Royal Never Give Up"
"2737","Samsung Galaxy"
"2738","Samsung Galaxy"
"2739","Team SoloMid"
"2740","Splyce"
"2741","Samsung Galaxy"
"2742","H2k-Gaming"
"2743","EDward Gaming"
"2744","H2k-Gaming"
"2745","ahq e-Sports Club"
"2746","H2k-Gaming"
"2747","H2k-Gaming"
"2748","EDward Gaming"
"2749","ROX Tigers"
"2750","ROX Tigers"
"2751","G2 Esports"
"2752","Albus NoX Luna"
"2753","Counter Logic Gaming"
"2754","Albus NoX Luna"
"2755","ROX Tigers"
"2756","Cloud9"
"2757","Flash Wolves"
"2758","Counter Logic Gaming"
"2759","Albus NoX Luna"
"2760","EDward Gaming"
"2761","ahq e-Sports Club"
"2762","Samsung Galaxy"
"2763","Team SoloMid"
"2764","SK Telecom T1"
"2765","Cloud9"
"2766","ROX Tigers"
"2767","Albus NoX Luna"
"2768","EDward Gaming"
"2769","H2k-Gaming"
"2770","Royal Never Give Up"
"2771","Team SoloMid"
"2772","I May"
"2773","SK Telecom T1"
"2774","Royal Never Give Up"
"2775","Samsung Galaxy"
"2776","INTZ e-Sports"
"2777","ahq e-Sports Club"
"2778","ROX Tigers"
"2779","Counter Logic Gaming"
