"1","Renegades","NA"
"2","NRG Esports","NA"
"3","Team Dignitas","NA"
"4","Immortals","NA"
"5","Cloud9","NA"
"6","Echo Fox","NA"
"7","Echo Fox","NA"
"8","Team Liquid","NA"
"9","Team SoloMid","NA"
"10","NRG Esports","NA"
"11","Renegades","NA"
"12","Counter Logic Gaming","NA"
"13","Immortals","NA"
"14","Renegades","NA"
"15","Team Liquid","NA"
"16","Team Impulse","NA"
"17","Team Dignitas","NA"
"18","Team Impulse","NA"
"19","Team Liquid","NA"
"20","NRG Esports","NA"
"21","Cloud9","NA"
"22","Echo Fox","NA"
"23","Team Dignitas","NA"
"24","Team SoloMid","NA"
"25","Counter Logic Gaming","NA"
"26","NRG Esports","NA"
"27","Team Dignitas","NA"
"28","Renegades","NA"
"29","Counter Logic Gaming","NA"
"30","Team SoloMid","NA"
"31","Team Liquid","NA"
"32","Immortals","NA"
"33","Echo Fox","NA"
"34","Cloud9","NA"
"35","Team SoloMid","NA"
"36","Counter Logic Gaming","NA"
"37","Echo Fox","NA"
"38","Team Impulse","NA"
"39","Cloud9","NA"
"40","Immortals","NA"
"41","Team Dignitas","NA"
"42","Team Impulse","NA"
"43","Renegades","NA"
"44","Cloud9","NA"
"45","Team SoloMid","NA"
"46","NRG Esports","NA"
"47","Team Dignitas","NA"
"48","Team SoloMid","NA"
"49","Team Liquid","NA"
"50","Counter Logic Gaming","NA"
"51","Renegades","NA"
"52","Echo Fox","NA"
"53","Counter Logic Gaming","NA"
"54","Team SoloMid","NA"
"55","NRG Esports","NA"
"56","Team Liquid","NA"
"57","Team Impulse","NA"
"58","Echo Fox","NA"
"59","Immortals","NA"
"60","Renegades","NA"
"61","Team Dignitas","NA"
"62","Renegades","NA"
"63","Immortals","NA"
"64","Cloud9","NA"
"65","Team SoloMid","NA"
"66","Team Impulse","NA"
"67","Renegades","NA"
"68","Echo Fox","NA"
"69","NRG Esports","NA"
"70","Team SoloMid","NA"
"71","Team Dignitas","NA"
"72","Team Impulse","NA"
"73","Team Liquid","NA"
"74","Cloud9","NA"
"75","Immortals","NA"
"76","Team Dignitas","NA"
"77","Renegades","NA"
"78","Counter Logic Gaming","NA"
"79","Immortals","NA"
"80","Cloud9","NA"
"81","Team Impulse","NA"
"82","Cloud9","NA"
"83","Team Liquid","NA"
"84","Counter Logic Gaming","NA"
"85","NRG Esports","NA"
"86","Team Impulse","NA"
"87","Team Liquid","NA"
"88","NRG Esports","NA"
"89","Immortals","NA"
"90","Counter Logic Gaming","NA"
"91","Team EnVyUs","NA"
"92","Team Liquid","NA"
"93","Echo Fox","NA"
"94","Cloud9","NA"
"95","Apex Gaming","NA"
"96","NRG Esports","NA"
"97","Counter Logic Gaming","NA"
"98","Team SoloMid","NA"
"99","Apex Gaming","NA"
"100","NRG Esports","NA"
"101","Immortals","NA"
"102","Cloud9","NA"
"103","Phoenix1","NA"
"104","Echo Fox","NA"
"105","Immortals","NA"
"106","NRG Esports","NA"
"107","Team Liquid","NA"
"108","Apex Gaming","NA"
"109","Counter Logic Gaming","NA"
"110","NRG Esports","NA"
"111","Team Liquid","NA"
"112","Team EnVyUs","NA"
"113","Phoenix1","NA"
"114","Team EnVyUs","NA"
"115","Immortals","NA"
"116","Team SoloMid","NA"
"117","Cloud9","NA"
"118","Echo Fox","NA"
"119","Counter Logic Gaming","NA"
"120","Phoenix1","NA"
"121","Team SoloMid","NA"
"122","NRG Esports","NA"
"123","Team Liquid","NA"
"124","Team EnVyUs","NA"
"125","Phoenix1","NA"
"126","Team SoloMid","NA"
"127","Apex Gaming","NA"
"128","Phoenix1","NA"
"129","Immortals","NA"
"130","Team Liquid","NA"
"131","Team EnVyUs","NA"
"132","Counter Logic Gaming","NA"
"133","Team Liquid","NA"
"134","Cloud9","NA"
"135","Apex Gaming","NA"
"136","Echo Fox","NA"
"137","Apex Gaming","NA"
"138","Immortals","NA"
"139","NRG Esports","NA"
"140","Apex Gaming","NA"
"141","Team Liquid","NA"
"142","Team EnVyUs","NA"
"143","Team SoloMid","NA"
"144","Counter Logic Gaming","NA"
"145","Apex Gaming","NA"
"146","Cloud9","NA"
"147","Immortals","NA"
"148","Echo Fox","NA"
"149","Counter Logic Gaming","NA"
"150","Apex Gaming","NA"
"151","Phoenix1","NA"
"152","Cloud9","NA"
"153","Team Liquid","NA"
"154","Apex Gaming","NA"
"155","Echo Fox","NA"
"156","NRG Esports","NA"
"157","Team SoloMid","NA"
"158","Team EnVyUs","NA"
"159","NRG Esports","NA"
"160","Phoenix1","NA"
"161","NRG Esports","NA"
"162","Counter Logic Gaming","NA"
"163","Immortals","NA"
"164","Counter Logic Gaming","NA"
"165","Echo Fox","NA"
"166","Phoenix1","NA"
"167","Team Liquid","NA"
"168","Counter Logic Gaming","NA"
"169","Echo Fox","NA"
"170","Phoenix1","NA"
"171","NRG Esports","NA"
"172","Apex Gaming","NA"
"173","Cloud9","NA"
"174","Team SoloMid","NA"
"175","Immortals","NA"
"176","Team EnVyUs","NA"
"177","Team Liquid","NA"
"178","Counter Logic Gaming","NA"
"179","Immortals","NA"
"180","Echo Fox","NA"
"181","NRG Esports","NA"
"182","Phoenix1","NA"
"183","Apex Gaming","NA"
"184","Echo Fox","NA"
"185","Team EnVyUs","NA"
"186","Immortals","NA"
"187","Team SoloMid","NA"
"188","Cloud9","NA"
"189","Phoenix1","NA"
"190","Immortals","NA"
"191","Apex Gaming","NA"
"192","Cloud9","NA"
"193","Phoenix1","NA"
"194","Echo Fox","NA"
"195","Counter Logic Gaming","NA"
"196","NRG Esports","NA"
"197","Team SoloMid","NA"
"198","Team Liquid","NA"
"199","Immortals","NA"
"200","Apex Gaming","NA"
"201","Team EnVyUs","NA"
"202","Phoenix1","NA"
"203","NRG Esports","NA"
"204","Counter Logic Gaming","NA"
"205","Team SoloMid","NA"
"206","Team EnVyUs","NA"
"207","Echo Fox","NA"
"208","Team EnVyUs","NA"
"209","Team Liquid","NA"
"210","Cloud9","NA"
"211","Team Liquid","NA"
"212","Apex Gaming","NA"
"213","Phoenix1","NA"
"214","Echo Fox","NA"
"215","Counter Logic Gaming","NA"
"216","Team EnVyUs","NA"
"217","Cloud9","NA"
"218","NRG Esports","NA"
"219","Team SoloMid","NA"
"220","Phoenix1","NA"
"221","NRG Esports","NA"
"222","Phoenix1","NA"
"223","Immortals","NA"
"224","Echo Fox","NA"
"225","Team Liquid","NA"
"226","Team SoloMid","NA"
"227","Cloud9","NA"
"228","Team EnVyUs","NA"
"229","Echo Fox","NA"
"230","Team Liquid","NA"
"231","Apex Gaming","NA"
"232","Immortals","NA"
"233","Counter Logic Gaming","NA"
"234","Immortals","NA"
"235","Team EnVyUs","NA"
"236","Counter Logic Gaming","NA"
"237","Team EnVyUs","NA"
"238","Echo Fox","NA"
"239","Cloud9","NA"
"240","Immortals","NA"
"241","Apex Gaming","NA"
"242","NRG Esports","NA"
"243","Team SoloMid","NA"
"244","Cloud9","NA"
"245","NRG Esports","NA"
"246","Apex Gaming","NA"
"247","Team Liquid","NA"
"248","Phoenix1","NA"
"249","NRG Esports","NA"
"250","Apex Gaming","NA"
"251","Immortals","NA"
"252","Counter Logic Gaming","NA"
"253","Echo Fox","NA"
"254","Team EnVyUs","NA"
"255","Team Liquid","NA"
"256","Phoenix1","NA"
"257","Team SoloMid","NA"
"258","Cloud9","NA"
"259","Team SoloMid","NA"
"260","Echo Fox","NA"
"261","Counter Logic Gaming","NA"
"262","Team Liquid","NA"
"263","Cloud9","NA"
"264","Immortals","NA"
"265","Team EnVyUs","NA"
"266","Team SoloMid","NA"
"267","Phoenix1","NA"
"268","Immortals","NA"
"269","Cloud9","NA"
"270","Phoenix1","NA"
"271","Team SoloMid","NA"
"272","Cloud9","NA"
"273","Apex Gaming","NA"
"274","Counter Logic Gaming","NA"
"275","NRG Esports","NA"
"276","Team Liquid","NA"
"277","Counter Logic Gaming","NA"
"278","Echo Fox","NA"
"279","Team EnVyUs","NA"
"280","Apex Gaming","NA"
"281","Team EnVyUs","NA"
"282","Immortals","NA"
"283","NRG Esports","NA"
"284","Immortals","NA"
"285","Cloud9","NA"
"286","Echo Fox","NA"
"287","Cloud9","NA"
"288","Immortals","NA"
"289","Counter Logic Gaming","NA"
"290","Phoenix1","NA"
"291","Apex Gaming","NA"
"292","Team SoloMid","NA"
"293","Counter Logic Gaming","NA"
"294","Team Liquid","NA"
"295","Team EnVyUs","NA"
"296","Apex Gaming","NA"
"297","Team Liquid","NA"
"298","NRG Esports","NA"
"299","Immortals","NA"
"300","Echo Fox","NA"
"301","Cloud9","NA"
"302","Phoenix1","NA"
"303","Immortals","NA"
"304","NRG Esports","NA"
"305","Team EnVyUs","NA"
"306","NRG Esports","NA"
"307","Team SoloMid","NA"
"308","Counter Logic Gaming","NA"
"309","Unicorns Of Love","EU"
"310","Team ROCCAT","EU"
"311","Fnatic","EU"
"312","Splyce","EU"
"313","Elements","EU"
"314","G2 Esports","EU"
"315","Team Vitality","EU"
"316","Unicorns Of Love","EU"
"317","Fnatic","EU"
"318","Origen","EU"
"319","Origen","EU"
"320","H2k-Gaming","EU"
"321","Team Vitality","EU"
"322","Unicorns Of Love","EU"
"323","Giants Gaming","EU"
"324","Splyce","EU"
"325","G2 Esports","EU"
"326","Origen","EU"
"327","Team ROCCAT","EU"
"328","Giants Gaming","EU"
"329","Elements","EU"
"330","Team ROCCAT","EU"
"331","Splyce","EU"
"332","H2k-Gaming","EU"
"333","G2 Esports","EU"
"334","Team ROCCAT","EU"
"335","Origen","EU"
"336","Fnatic","EU"
"337","Team Vitality","EU"
"338","Elements","EU"
"339","G2 Esports","EU"
"340","Fnatic","EU"
"341","H2k-Gaming","EU"
"342","Unicorns Of Love","EU"
"343","Elements","EU"
"344","H2k-Gaming","EU"
"345","G2 Esports","EU"
"346","Giants Gaming","EU"
"347","Splyce","EU"
"348","Origen","EU"
"349","Giants Gaming","EU"
"350","Team ROCCAT","EU"
"351","G2 Esports","EU"
"352","Fnatic","EU"
"353","Team Vitality","EU"
"354","Giants Gaming","EU"
"355","Team Vitality","EU"
"356","Splyce","EU"
"357","Elements","EU"
"358","H2k-Gaming","EU"
"359","Fnatic","EU"
"360","Giants Gaming","EU"
"361","Team Vitality","EU"
"362","H2k-Gaming","EU"
"363","Splyce","EU"
"364","Splyce","EU"
"365","Unicorns Of Love","EU"
"366","Origen","EU"
"367","Fnatic","EU"
"368","Team Vitality","EU"
"369","H2k-Gaming","EU"
"370","Splyce","EU"
"371","G2 Esports","EU"
"372","Giants Gaming","EU"
"373","Elements","EU"
"374","Team Vitality","EU"
"375","Elements","EU"
"376","Fnatic","EU"
"377","Team ROCCAT","EU"
"378","Splyce","EU"
"379","H2k-Gaming","EU"
"380","Team ROCCAT","EU"
"381","Unicorns Of Love","EU"
"382","Giants Gaming","EU"
"383","Origen","EU"
"384","H2k-Gaming","EU"
"385","Team Vitality","EU"
"386","Unicorns Of Love","EU"
"387","Elements","EU"
"388","G2 Esports","EU"
"389","Team ROCCAT","EU"
"390","Origen","EU"
"391","Fnatic","EU"
"392","Elements","EU"
"393","Unicorns Of Love","EU"
"394","Team ROCCAT","EU"
"395","Unicorns Of Love","EU"
"396","Giants Gaming","EU"
"397","G2 Esports","EU"
"398","Origen","EU"
"399","Fnatic","EU"
"400","G2 Esports","EU"
"401","FC Schalke 04","EU"
"402","Fnatic","EU"
"403","Origen","EU"
"404","Unicorns Of Love","EU"
"405","Splyce","EU"
"406","H2k-Gaming","EU"
"407","Giants Gaming","EU"
"408","FC Schalke 04","EU"
"409","Team Vitality","EU"
"410","Team ROCCAT","EU"
"411","Unicorns Of Love","EU"
"412","H2k-Gaming","EU"
"413","FC Schalke 04","EU"
"414","Origen","EU"
"415","Giants Gaming","EU"
"416","Splyce","EU"
"417","Fnatic","EU"
"418","G2 Esports","EU"
"419","Team ROCCAT","EU"
"420","Team Vitality","EU"
"421","Origen","EU"
"422","Fnatic","EU"
"423","Unicorns Of Love","EU"
"424","G2 Esports","EU"
"425","Team ROCCAT","EU"
"426","FC Schalke 04","EU"
"427","Giants Gaming","EU"
"428","H2k-Gaming","EU"
"429","Team Vitality","EU"
"430","Splyce","EU"
"431","FC Schalke 04","EU"
"432","Team ROCCAT","EU"
"433","Origen","EU"
"434","G2 Esports","EU"
"435","Giants Gaming","EU"
"436","Unicorns Of Love","EU"
"437","Fnatic","EU"
"438","H2k-Gaming","EU"
"439","Team Vitality","EU"
"440","Splyce","EU"
"441","Origen","EU"
"442","Team ROCCAT","EU"
"443","G2 Esports","EU"
"444","FC Schalke 04","EU"
"445","H2k-Gaming","EU"
"446","Fnatic","EU"
"447","Giants Gaming","EU"
"448","Unicorns Of Love","EU"
"449","Team Vitality","EU"
"450","Splyce","EU"
"451","Fnatic","EU"
"452","H2k-Gaming","EU"
"453","Origen","EU"
"454","Team ROCCAT","EU"
"455","FC Schalke 04","EU"
"456","Team Vitality","EU"
"457","G2 Esports","EU"
"458","Unicorns Of Love","EU"
"459","Giants Gaming","EU"
"460","Splyce","EU"
"461","FC Schalke 04","EU"
"462","Splyce","EU"
"463","Giants Gaming","EU"
"464","G2 Esports","EU"
"465","H2k-Gaming","EU"
"466","Team ROCCAT","EU"
"467","Unicorns Of Love","EU"
"468","Origen","EU"
"469","Team Vitality","EU"
"470","Fnatic","EU"
"471","FC Schalke 04","EU"
"472","H2k-Gaming","EU"
"473","G2 Esports","EU"
"474","Team ROCCAT","EU"
"475","Giants Gaming","EU"
"476","Splyce","EU"
"477","Fnatic","EU"
"478","Origen","EU"
"479","Team Vitality","EU"
"480","Unicorns Of Love","EU"
"481","Giants Gaming","EU"
"482","Fnatic","EU"
"483","G2 Esports","EU"
"484","Team Vitality","EU"
"485","Splyce","EU"
"486","Origen","EU"
"487","Team ROCCAT","EU"
"488","Unicorns Of Love","EU"
"489","FC Schalke 04","EU"
"490","H2k-Gaming","EU"
"491","Fnatic","EU"
"492","G2 Esports","EU"
"493","H2k-Gaming","EU"
"494","Team Vitality","EU"
"495","Origen","EU"
"496","FC Schalke 04","EU"
"497","Team ROCCAT","EU"
"498","Splyce","EU"
"499","Giants Gaming","EU"
"500","Unicorns Of Love","EU"
"501","Splyce","EU"
"502","Origen","EU"
"503","H2k-Gaming","EU"
"504","Team Vitality","EU"
"505","Unicorns Of Love","EU"
"506","G2 Esports","EU"
"507","Team ROCCAT","EU"
"508","Giants Gaming","EU"
"509","FC Schalke 04","EU"
"510","Fnatic","EU"
"511","Splyce","EU"
"512","H2k-Gaming","EU"
"513","Fnatic","EU"
"514","Team ROCCAT","EU"
"515","Origen","EU"
"516","Unicorns Of Love","EU"
"517","FC Schalke 04","EU"
"518","Team Vitality","EU"
"519","Giants Gaming","EU"
"520","G2 Esports","EU"
"521","Giants Gaming","EU"
"522","Origen","EU"
"523","Team Vitality","EU"
"524","Splyce","EU"
"525","H2k-Gaming","EU"
"526","Fnatic","EU"
"527","Team ROCCAT","EU"
"528","Unicorns Of Love","EU"
"529","G2 Esports","EU"
"530","FC Schalke 04","EU"
"531","Splyce","EU"
"532","Giants Gaming","EU"
"533","H2k-Gaming","EU"
"534","Team Vitality","EU"
"535","G2 Esports","EU"
"536","Unicorns Of Love","EU"
"537","Fnatic","EU"
"538","Team ROCCAT","EU"
"539","FC Schalke 04","EU"
"540","Origen","EU"
"541","FC Schalke 04","EU"
"542","Origen","EU"
"543","Giants Gaming","EU"
"544","H2k-Gaming","EU"
"545","Unicorns Of Love","EU"
"546","Fnatic","EU"
"547","Team Vitality","EU"
"548","Splyce","EU"
"549","G2 Esports","EU"
"550","Team ROCCAT","EU"
"551","Splyce","EU"
"552","FC Schalke 04","EU"
"553","Team ROCCAT","EU"
"554","Fnatic","EU"
"555","G2 Esports","EU"
"556","Unicorns Of Love","EU"
"557","Team Vitality","EU"
"558","H2k-Gaming","EU"
"559","Giants Gaming","EU"
"560","Origen","EU"
"561","H2k-Gaming","EU"
"562","FC Schalke 04","EU"
"563","Team Vitality","EU"
"564","Giants Gaming","EU"
"565","G2 Esports","EU"
"566","Fnatic","EU"
"567","Splyce","EU"
"568","Unicorns Of Love","EU"
"569","Team ROCCAT","EU"
"570","Origen","EU"
"571","Fnatic","EU"
"572","Giants Gaming","EU"
"573","FC Schalke 04","EU"
"574","Splyce","EU"
"575","Unicorns Of Love","EU"
"576","Team Vitality","EU"
"577","Origen","EU"
"578","H2k-Gaming","EU"
"579","Team ROCCAT","EU"
"580","G2 Esports","EU"
"581","Energy Pacemaker.All","LPL"
"582","Masters 3","LPL"
"583","LGD Gaming","LPL"
"584","Snake Esports","LPL"
"585","LGD Gaming","LPL"
"586","Qiao Gu Reapers","LPL"
"587","Team WE","LPL"
"588","Qiao Gu Reapers","LPL"
"589","Hyper Youth Gaming","LPL"
"590","Vici Gaming","LPL"
"591","Oh My God","LPL"
"592","EDward Gaming","LPL"
"593","Invictus Gaming","LPL"
"594","Royal Never Give Up","LPL"
"595","Invictus Gaming","LPL"
"596","Masters 3","LPL"
"597","LGD Gaming","LPL"
"598","Snake Esports","LPL"
"599","Team WE","LPL"
"600","Snake Esports","LPL"
"601","Vici Gaming","LPL"
"602","Oh My God","LPL"
"603","Vici Gaming","LPL"
"604","Hyper Youth Gaming","LPL"
"605","Royal Never Give Up","LPL"
"606","Royal Never Give Up","LPL"
"607","Oh My God","LPL"
"608","Hyper Youth Gaming","LPL"
"609","Invictus Gaming","LPL"
"610","Vici Gaming","LPL"
"611","EDward Gaming","LPL"
"612","Team WE","LPL"
"613","LGD Gaming","LPL"
"614","Snake Esports","LPL"
"615","Energy Pacemaker.All","LPL"
"616","Snake Esports","LPL"
"617","Qiao Gu Reapers","LPL"
"618","Masters 3","LPL"
"619","Qiao Gu Reapers","LPL"
"620","Invictus Gaming","LPL"
"621","Oh My God","LPL"
"622","Invictus Gaming","LPL"
"623","EDward Gaming","LPL"
"624","Royal Never Give Up","LPL"
"625","EDward Gaming","LPL"
"626","Masters 3","LPL"
"627","Snake Esports","LPL"
"628","Qiao Gu Reapers","LPL"
"629","Energy Pacemaker.All","LPL"
"630","Qiao Gu Reapers","LPL"
"631","Team WE","LPL"
"632","Masters 3","LPL"
"633","Snake Esports","LPL"
"634","Qiao Gu Reapers","LPL"
"635","LGD Gaming","LPL"
"636","Energy Pacemaker.All","LPL"
"637","LGD Gaming","LPL"
"638","Vici Gaming","LPL"
"639","Royal Never Give Up","LPL"
"640","Vici Gaming","LPL"
"641","Hyper Youth Gaming","LPL"
"642","Oh My God","LPL"
"643","Invictus Gaming","LPL"
"644","EDward Gaming","LPL"
"645","Team WE","LPL"
"646","Energy Pacemaker.All","LPL"
"647","Team WE","LPL"
"648","Qiao Gu Reapers","LPL"
"649","LGD Gaming","LPL"
"650","Invictus Gaming","LPL"
"651","Vici Gaming","LPL"
"652","Invictus Gaming","LPL"
"653","Hyper Youth Gaming","LPL"
"654","EDward Gaming","LPL"
"655","Snake Esports","LPL"
"656","Vici Gaming","LPL"
"657","Snake Esports","LPL"
"658","EDward Gaming","LPL"
"659","Energy Pacemaker.All","LPL"
"660","Oh My God","LPL"
"661","Team WE","LPL"
"662","Oh My God","LPL"
"663","Masters 3","LPL"
"664","Royal Never Give Up","LPL"
"665","Masters 3","LPL"
"666","Qiao Gu Reapers","LPL"
"667","Invictus Gaming","LPL"
"668","Qiao Gu Reapers","LPL"
"669","Hyper Youth Gaming","LPL"
"670","LGD Gaming","LPL"
"671","Vici Gaming","LPL"
"672","Energy Pacemaker.All","LPL"
"673","EDward Gaming","LPL"
"674","Masters 3","LPL"
"675","Snake Esports","LPL"
"676","Royal Never Give Up","LPL"
"677","Masters 3","LPL"
"678","Invictus Gaming","LPL"
"679","Masters 3","LPL"
"680","Hyper Youth Gaming","LPL"
"681","Team WE","LPL"
"682","EDward Gaming","LPL"
"683","Qiao Gu Reapers","LPL"
"684","LGD Gaming","LPL"
"685","Vici Gaming","LPL"
"686","Snake Esports","LPL"
"687","Oh My God","LPL"
"688","Snake Esports","LPL"
"689","Team WE","LPL"
"690","Invictus Gaming","LPL"
"691","Royal Never Give Up","LPL"
"692","Energy Pacemaker.All","LPL"
"693","LGD Gaming","LPL"
"694","Oh My God","LPL"
"695","LGD Gaming","LPL"
"696","Hyper Youth Gaming","LPL"
"697","Qiao Gu Reapers","LPL"
"698","Energy Pacemaker.All","LPL"
"699","Oh My God","LPL"
"700","Energy Pacemaker.All","LPL"
"701","LGD Gaming","LPL"
"702","Invictus Gaming","LPL"
"703","Snake Esports","LPL"
"704","EDward Gaming","LPL"
"705","Snake Esports","LPL"
"706","Team WE","LPL"
"707","Vici Gaming","LPL"
"708","Hyper Youth Gaming","LPL"
"709","Masters 3","LPL"
"710","Royal Never Give Up","LPL"
"711","Qiao Gu Reapers","LPL"
"712","Invictus Gaming","LPL"
"713","Energy Pacemaker.All","LPL"
"714","Hyper Youth Gaming","LPL"
"715","Snake Esports","LPL"
"716","EDward Gaming","LPL"
"717","Team WE","LPL"
"718","EDward Gaming","LPL"
"719","Qiao Gu Reapers","LPL"
"720","Vici Gaming","LPL"
"721","Qiao Gu Reapers","LPL"
"722","Oh My God","LPL"
"723","Masters 3","LPL"
"724","EDward Gaming","LPL"
"725","LGD Gaming","LPL"
"726","Royal Never Give Up","LPL"
"727","Snake Esports","LPL"
"728","Invictus Gaming","LPL"
"729","Hyper Youth Gaming","LPL"
"730","Energy Pacemaker.All","LPL"
"731","Oh My God","LPL"
"732","Qiao Gu Reapers","LPL"
"733","Masters 3","LPL"
"734","Vici Gaming","LPL"
"735","Masters 3","LPL"
"736","Royal Never Give Up","LPL"
"737","Team WE","LPL"
"738","LGD Gaming","LPL"
"739","EDward Gaming","LPL"
"740","Qiao Gu Reapers","LPL"
"741","Snake Esports","LPL"
"742","LGD Gaming","LPL"
"743","Energy Pacemaker.All","LPL"
"744","Masters 3","LPL"
"745","Team WE","LPL"
"746","Vici Gaming","LPL"
"747","Hyper Youth Gaming","LPL"
"748","EDward Gaming","LPL"
"749","Oh My God","LPL"
"750","Royal Never Give Up","LPL"
"751","Invictus Gaming","LPL"
"752","Royal Never Give Up","LPL"
"753","Team WE","LPL"
"754","Snake Esports","LPL"
"755","Team WE","LPL"
"756","LGD Gaming","LPL"
"757","Masters 3","LPL"
"758","EDward Gaming","LPL"
"759","Hyper Youth Gaming","LPL"
"760","Vici Gaming","LPL"
"761","Invictus Gaming","LPL"
"762","Vici Gaming","LPL"
"763","Invictus Gaming","LPL"
"764","Oh My God","LPL"
"765","Royal Never Give Up","LPL"
"766","Hyper Youth Gaming","LPL"
"767","EDward Gaming","LPL"
"768","Vici Gaming","LPL"
"769","LGD Gaming","LPL"
"770","Team WE","LPL"
"771","Qiao Gu Reapers","LPL"
"772","Masters 3","LPL"
"773","Energy Pacemaker.All","LPL"
"774","Snake Esports","LPL"
"775","Energy Pacemaker.All","LPL"
"776","Invictus Gaming","LPL"
"777","Hyper Youth Gaming","LPL"
"778","Oh My God","LPL"
"779","Royal Never Give Up","LPL"
"780","Qiao Gu Reapers","LPL"
"781","Energy Pacemaker.All","LPL"
"782","Snake Esports","LPL"
"783","Masters 3","LPL"
"784","Snake Esports","LPL"
"785","LGD Gaming","LPL"
"786","Snake Esports","LPL"
"787","Masters 3","LPL"
"788","Energy Pacemaker.All","LPL"
"789","Qiao Gu Reapers","LPL"
"790","Team WE","LPL"
"791","Hyper Youth Gaming","LPL"
"792","Oh My God","LPL"
"793","Invictus Gaming","LPL"
"794","Hyper Youth Gaming","LPL"
"795","Royal Never Give Up","LPL"
"796","Vici Gaming","LPL"
"797","Royal Never Give Up","LPL"
"798","LGD Gaming","LPL"
"799","Qiao Gu Reapers","LPL"
"800","Energy Pacemaker.All","LPL"
"801","Team WE","LPL"
"802","Energy Pacemaker.All","LPL"
"803","Vici Gaming","LPL"
"804","Oh My God","LPL"
"805","EDward Gaming","LPL"
"806","Royal Never Give Up","LPL"
"807","Newbee","LPL"
"808","Invictus Gaming","LPL"
"809","Newbee","LPL"
"810","Snake Esports","LPL"
"811","EDward Gaming","LPL"
"812","Game Talents","LPL"
"813","Saint Gaming","LPL"
"814","Game Talents","LPL"
"815","I May","LPL"
"816","Royal Never Give Up","LPL"
"817","Oh My God","LPL"
"818","LGD Gaming","LPL"
"819","Vici Gaming","LPL"
"820","Team WE","LPL"
"821","Invictus Gaming","LPL"
"822","EDward Gaming","LPL"
"823","Snake Esports","LPL"
"824","Saint Gaming","LPL"
"825","Snake Esports","LPL"
"826","Vici Gaming","LPL"
"827","Oh My God","LPL"
"828","Vici Gaming","LPL"
"829","Royal Never Give Up","LPL"
"830","LGD Gaming","LPL"
"831","Royal Never Give Up","LPL"
"832","Royal Never Give Up","LPL"
"833","Oh My God","LPL"
"834","Royal Never Give Up","LPL"
"835","I May","LPL"
"836","Vici Gaming","LPL"
"837","Team WE","LPL"
"838","LGD Gaming","LPL"
"839","Team WE","LPL"
"840","Snake Esports","LPL"
"841","Newbee","LPL"
"842","Game Talents","LPL"
"843","Invictus Gaming","LPL"
"844","Saint Gaming","LPL"
"845","EDward Gaming","LPL"
"846","LGD Gaming","LPL"
"847","Vici Gaming","LPL"
"848","Team WE","LPL"
"849","I May","LPL"
"850","Team WE","LPL"
"851","Game Talents","LPL"
"852","Newbee","LPL"
"853","Invictus Gaming","LPL"
"854","Saint Gaming","LPL"
"855","Invictus Gaming","LPL"
"856","Snake Esports","LPL"
"857","Invictus Gaming","LPL"
"858","Snake Esports","LPL"
"859","Newbee","LPL"
"860","Saint Gaming","LPL"
"861","Newbee","LPL"
"862","Game Talents","LPL"
"863","EDward Gaming","LPL"
"864","Royal Never Give Up","LPL"
"865","Vici Gaming","LPL"
"866","Royal Never Give Up","LPL"
"867","Team WE","LPL"
"868","Oh My God","LPL"
"869","Team WE","LPL"
"870","I May","LPL"
"871","LGD Gaming","LPL"
"872","Snake Esports","LPL"
"873","Game Talents","LPL"
"874","Snake Esports","LPL"
"875","Newbee","LPL"
"876","EDward Gaming","LPL"
"877","Royal Never Give Up","LPL"
"878","Team WE","LPL"
"879","Royal Never Give Up","LPL"
"880","Oh My God","LPL"
"881","I May","LPL"
"882","Oh My God","LPL"
"883","Vici Gaming","LPL"
"884","Snake Esports","LPL"
"885","Vici Gaming","LPL"
"886","EDward Gaming","LPL"
"887","I May","LPL"
"888","Invictus Gaming","LPL"
"889","LGD Gaming","LPL"
"890","Game Talents","LPL"
"891","Oh My God","LPL"
"892","Saint Gaming","LPL"
"893","Royal Never Give Up","LPL"
"894","Newbee","LPL"
"895","Team WE","LPL"
"896","Snake Esports","LPL"
"897","I May","LPL"
"898","LGD Gaming","LPL"
"899","EDward Gaming","LPL"
"900","LGD Gaming","LPL"
"901","Vici Gaming","LPL"
"902","Invictus Gaming","LPL"
"903","Saint Gaming","LPL"
"904","Oh My God","LPL"
"905","LGD Gaming","LPL"
"906","Newbee","LPL"
"907","LGD Gaming","LPL"
"908","EDward Gaming","LPL"
"909","Team WE","LPL"
"910","Royal Never Give Up","LPL"
"911","Snake Esports","LPL"
"912","Game Talents","LPL"
"913","Vici Gaming","LPL"
"914","Oh My God","LPL"
"915","Newbee","LPL"
"916","I May","LPL"
"917","Invictus Gaming","LPL"
"918","I May","LPL"
"919","Royal Never Give Up","LPL"
"920","Game Talents","LPL"
"921","Royal Never Give Up","LPL"
"922","Team WE","LPL"
"923","Saint Gaming","LPL"
"924","Royal Never Give Up","LPL"
"925","Newbee","LPL"
"926","Royal Never Give Up","LPL"
"927","Game Talents","LPL"
"928","I May","LPL"
"929","LGD Gaming","LPL"
"930","Saint Gaming","LPL"
"931","EDward Gaming","LPL"
"932","Vici Gaming","LPL"
"933","Snake Esports","LPL"
"934","Oh My God","LPL"
"935","Team WE","LPL"
"936","Invictus Gaming","LPL"
"937","Team WE","LPL"
"938","Newbee","LPL"
"939","I May","LPL"
"940","Oh My God","LPL"
"941","EDward Gaming","LPL"
"942","Oh My God","LPL"
"943","Saint Gaming","LPL"
"944","Vici Gaming","LPL"
"945","Saint Gaming","LPL"
"946","Snake Esports","LPL"
"947","Team WE","LPL"
"948","Snake Esports","LPL"
"949","Game Talents","LPL"
"950","LGD Gaming","LPL"
"951","Saint Gaming","LPL"
"952","I May","LPL"
"953","Invictus Gaming","LPL"
"954","Royal Never Give Up","LPL"
"955","Newbee","LPL"
"956","Vici Gaming","LPL"
"957","LGD Gaming","LPL"
"958","Snake Esports","LPL"
"959","Team WE","LPL"
"960","Game Talents","LPL"
"961","Team WE","LPL"
"962","Oh My God","LPL"
"963","Invictus Gaming","LPL"
"964","Oh My God","LPL"
"965","Royal Never Give Up","LPL"
"966","EDward Gaming","LPL"
"967","Royal Never Give Up","LPL"
"968","Oh My God","LPL"
"969","LGD Gaming","LPL"
"970","Oh My God","LPL"
"971","Royal Never Give Up","LPL"
"972","I May","LPL"
"973","Team WE","LPL"
"974","Vici Gaming","LPL"
"975","EDward Gaming","LPL"
"976","Game Talents","LPL"
"977","Saint Gaming","LPL"
"978","Newbee","LPL"
"979","Saint Gaming","LPL"
"980","Snake Esports","LPL"
"981","Invictus Gaming","LPL"
"982","Vici Gaming","LPL"
"983","Oh My God","LPL"
"984","Royal Never Give Up","LPL"
"985","LGD Gaming","LPL"
"986","Invictus Gaming","LPL"
"987","EDward Gaming","LPL"
"988","Invictus Gaming","LPL"
"989","Snake Esports","LPL"
"990","Saint Gaming","LPL"
"991","LGD Gaming","LPL"
"992","Team WE","LPL"
"993","Newbee","LPL"
"994","LGD Gaming","LPL"
"995","Snake Esports","LPL"
"996","Invictus Gaming","LPL"
"997","Game Talents","LPL"
"998","EDward Gaming","LPL"
"999","Saint Gaming","LPL"
"1000","I May","LPL"
"1001","Vici Gaming","LPL"
"1002","I May","LPL"
"1003","Royal Never Give Up","LPL"
"1004","Oh My God","LPL"
"1005","Saint Gaming","LPL"
"1006","Invictus Gaming","LPL"
"1007","Saint Gaming","LPL"
"1008","Newbee","LPL"
"1009","Game Talents","LPL"
"1010","I May","LPL"
"1011","Team WE","LPL"
"1012","I May","LPL"
"1013","Vici Gaming","LPL"
"1014","LGD Gaming","LPL"
"1015","Team WE","LPL"
"1016","Oh My God","LPL"
"1017","Royal Never Give Up","LPL"
"1018","Vici Gaming","LPL"
"1019","LGD Gaming","LPL"
"1020","I May","LPL"
"1021","Invictus Gaming","LPL"
"1022","Newbee","LPL"
"1023","Invictus Gaming","LPL"
"1024","Game Talents","LPL"
"1025","Saint Gaming","LPL"
"1026","EDward Gaming","LPL"
"1027","Snake Esports","LPL"
"1028","Oh My God","LPL"
"1029","I May","LPL"
"1030","Team WE","LPL"
"1031","Royal Never Give Up","LPL"
"1032","Team WE","LPL"
"1033","Game Talents","LPL"
"1034","Snake Esports","LPL"
"1035","Game Talents","LPL"
"1036","Newbee","LPL"
"1037","EDward Gaming","LPL"
"1038","Newbee","LPL"
"1039","Longzhu Gaming","LCK"
"1040","Jin Air Green Wings","LCK"
"1041","Longzhu Gaming","LCK"
"1042","Kongdoo Monster","LCK"
"1043","KT Rolster","LCK"
"1044","Kongdoo Monster","LCK"
"1045","SK Telecom T1","LCK"
"1046","SBENU Sonicboom","LCK"
"1047","Afreeca Freecs","LCK"
"1048","CJ Entus","LCK"
"1049","Samsung Galaxy","LCK"
"1050","Kongdoo Monster","LCK"
"1051","Samsung Galaxy","LCK"
"1052","ROX Tigers","LCK"
"1053","Jin Air Green Wings","LCK"
"1054","KT Rolster","LCK"
"1055","SK Telecom T1","LCK"
"1056","Longzhu Gaming","LCK"
"1057","Afreeca Freecs","LCK"
"1058","Longzhu Gaming","LCK"
"1059","ROX Tigers","LCK"
"1060","Afreeca Freecs","LCK"
"1061","Samsung Galaxy","LCK"
"1062","SK Telecom T1","LCK"
"1063","Samsung Galaxy","LCK"
"1064","CJ Entus","LCK"
"1065","KT Rolster","LCK"
"1066","SBENU Sonicboom","LCK"
"1067","Longzhu Gaming","LCK"
"1068","Kongdoo Monster","LCK"
"1069","SK Telecom T1","LCK"
"1070","Jin Air Green Wings","LCK"
"1071","Afreeca Freecs","LCK"
"1072","Longzhu Gaming","LCK"
"1073","Samsung Galaxy","LCK"
"1074","KT Rolster","LCK"
"1075","ROX Tigers","LCK"
"1076","KT Rolster","LCK"
"1077","Afreeca Freecs","LCK"
"1078","SBENU Sonicboom","LCK"
"1079","Afreeca Freecs","LCK"
"1080","SK Telecom T1","LCK"
"1081","CJ Entus","LCK"
"1082","Jin Air Green Wings","LCK"
"1083","Samsung Galaxy","LCK"
"1084","Jin Air Green Wings","LCK"
"1085","Kongdoo Monster","LCK"
"1086","ROX Tigers","LCK"
"1087","Longzhu Gaming","LCK"
"1088","SK Telecom T1","LCK"
"1089","Afreeca Freecs","LCK"
"1090","KT Rolster","LCK"
"1091","Afreeca Freecs","LCK"
"1092","CJ Entus","LCK"
"1093","ROX Tigers","LCK"
"1094","Samsung Galaxy","LCK"
"1095","SBENU Sonicboom","LCK"
"1096","Jin Air Green Wings","LCK"
"1097","CJ Entus","LCK"
"1098","Jin Air Green Wings","LCK"
"1099","Kongdoo Monster","LCK"
"1100","SBENU Sonicboom","LCK"
"1101","Afreeca Freecs","LCK"
"1102","Samsung Galaxy","LCK"
"1103","Afreeca Freecs","LCK"
"1104","SK Telecom T1","LCK"
"1105","ROX Tigers","LCK"
"1106","SBENU Sonicboom","LCK"
"1107","KT Rolster","LCK"
"1108","CJ Entus","LCK"
"1109","Longzhu Gaming","LCK"
"1110","CJ Entus","LCK"
"1111","Kongdoo Monster","LCK"
"1112","Afreeca Freecs","LCK"
"1113","Kongdoo Monster","LCK"
"1114","SK Telecom T1","LCK"
"1115","Jin Air Green Wings","LCK"
"1116","ROX Tigers","LCK"
"1117","Samsung Galaxy","LCK"
"1118","ROX Tigers","LCK"
"1119","KT Rolster","LCK"
"1120","Longzhu Gaming","LCK"
"1121","Jin Air Green Wings","LCK"
"1122","Kongdoo Monster","LCK"
"1123","SK Telecom T1","LCK"
"1124","Afreeca Freecs","LCK"
"1125","SK Telecom T1","LCK"
"1126","SBENU Sonicboom","LCK"
"1127","ROX Tigers","LCK"
"1128","CJ Entus","LCK"
"1129","Samsung Galaxy","LCK"
"1130","Jin Air Green Wings","LCK"
"1131","KT Rolster","LCK"
"1132","Longzhu Gaming","LCK"
"1133","Kongdoo Monster","LCK"
"1134","SBENU Sonicboom","LCK"
"1135","CJ Entus","LCK"
"1136","SBENU Sonicboom","LCK"
"1137","ROX Tigers","LCK"
"1138","Longzhu Gaming","LCK"
"1139","Samsung Galaxy","LCK"
"1140","KT Rolster","LCK"
"1141","CJ Entus","LCK"
"1142","Kongdoo Monster","LCK"
"1143","CJ Entus","LCK"
"1144","SBENU Sonicboom","LCK"
"1145","Jin Air Green Wings","LCK"
"1146","Kongdoo Monster","LCK"
"1147","CJ Entus","LCK"
"1148","Kongdoo Monster","LCK"
"1149","KT Rolster","LCK"
"1150","Longzhu Gaming","LCK"
"1151","KT Rolster","LCK"
"1152","ROX Tigers","LCK"
"1153","SBENU Sonicboom","LCK"
"1154","SBENU Sonicboom","LCK"
"1155","Samsung Galaxy","LCK"
"1156","Afreeca Freecs","LCK"
"1157","SK Telecom T1","LCK"
"1158","Afreeca Freecs","LCK"
"1159","Jin Air Green Wings","LCK"
"1160","ROX Tigers","LCK"
"1161","CJ Entus","LCK"
"1162","KT Rolster","LCK"
"1163","CJ Entus","LCK"
"1164","e-mFire","LCK"
"1165","Afreeca Freecs","LCK"
"1166","SK Telecom T1","LCK"
"1167","Longzhu Gaming","LCK"
"1168","CJ Entus","LCK"
"1169","Samsung Galaxy","LCK"
"1170","CJ Entus","LCK"
"1171","Jin Air Green Wings","LCK"
"1172","KT Rolster","LCK"
"1173","Jin Air Green Wings","LCK"
"1174","SK Telecom T1","LCK"
"1175","KT Rolster","LCK"
"1176","Afreeca Freecs","LCK"
"1177","CJ Entus","LCK"
"1178","Afreeca Freecs","LCK"
"1179","ROX Tigers","LCK"
"1180","e-mFire","LCK"
"1181","SBENU Sonicboom","LCK"
"1182","Longzhu Gaming","LCK"
"1183","SBENU Sonicboom","LCK"
"1184","e-mFire","LCK"
"1185","Longzhu Gaming","LCK"
"1186","Samsung Galaxy","LCK"
"1187","Jin Air Green Wings","LCK"
"1188","Samsung Galaxy","LCK"
"1189","SBENU Sonicboom","LCK"
"1190","SK Telecom T1","LCK"
"1191","ROX Tigers","LCK"
"1192","Afreeca Freecs","LCK"
"1193","ROX Tigers","LCK"
"1194","Longzhu Gaming","LCK"
"1195","CJ Entus","LCK"
"1196","Longzhu Gaming","LCK"
"1197","e-mFire","LCK"
"1198","KT Rolster","LCK"
"1199","Jin Air Green Wings","LCK"
"1200","SBENU Sonicboom","LCK"
"1201","ROX Tigers","LCK"
"1202","Samsung Galaxy","LCK"
"1203","Longzhu Gaming","LCK"
"1204","Afreeca Freecs","LCK"
"1205","e-mFire","LCK"
"1206","SK Telecom T1","LCK"
"1207","e-mFire","LCK"
"1208","KT Rolster","LCK"
"1209","Samsung Galaxy","LCK"
"1210","Jin Air Green Wings","LCK"
"1211","CJ Entus","LCK"
"1212","SK Telecom T1","LCK"
"1213","ROX Tigers","LCK"
"1214","SK Telecom T1","LCK"
"1215","Afreeca Freecs","LCK"
"1216","SBENU Sonicboom","LCK"
"1217","Longzhu Gaming","LCK"
"1218","ROX Tigers","LCK"
"1219","e-mFire","LCK"
"1220","SBENU Sonicboom","LCK"
"1221","e-mFire","LCK"
"1222","Jin Air Green Wings","LCK"
"1223","Afreeca Freecs","LCK"
"1224","Jin Air Green Wings","LCK"
"1225","Samsung Galaxy","LCK"
"1226","SK Telecom T1","LCK"
"1227","CJ Entus","LCK"
"1228","SBENU Sonicboom","LCK"
"1229","CJ Entus","LCK"
"1230","ROX Tigers","LCK"
"1231","KT Rolster","LCK"
"1232","ROX Tigers","LCK"
"1233","e-mFire","LCK"
"1234","Jin Air Green Wings","LCK"
"1235","Longzhu Gaming","LCK"
"1236","Samsung Galaxy","LCK"
"1237","Longzhu Gaming","LCK"
"1238","Jin Air Green Wings","LCK"
"1239","SK Telecom T1","LCK"
"1240","Afreeca Freecs","LCK"
"1241","Samsung Galaxy","LCK"
"1242","ROX Tigers","LCK"
"1243","CJ Entus","LCK"
"1244","KT Rolster","LCK"
"1245","SBENU Sonicboom","LCK"
"1246","Samsung Galaxy","LCK"
"1247","e-mFire","LCK"
"1248","Longzhu Gaming","LCK"
"1249","Jin Air Green Wings","LCK"
"1250","Afreeca Freecs","LCK"
"1251","KT Rolster","LCK"
"1252","CJ Entus","LCK"
"1253","SK Telecom T1","LCK"
"1254","KT Rolster","LCK"
"1255","Samsung Galaxy","LCK"
"1256","ESC Ever","LCK"
"1257","Jin Air Green Wings","LCK"
"1258","ESC Ever","LCK"
"1259","SK Telecom T1","LCK"
"1260","Longzhu Gaming","LCK"
"1261","Afreeca Freecs","LCK"
"1262","ROX Tigers","LCK"
"1263","KT Rolster","LCK"
"1264","CJ Entus","LCK"
"1265","MVP","LCK"
"1266","ROX Tigers","LCK"
"1267","Jin Air Green Wings","LCK"
"1268","SK Telecom T1","LCK"
"1269","Jin Air Green Wings","LCK"
"1270","CJ Entus","LCK"
"1271","ESC Ever","LCK"
"1272","CJ Entus","LCK"
"1273","Afreeca Freecs","LCK"
"1274","Samsung Galaxy","LCK"
"1275","Afreeca Freecs","LCK"
"1276","CJ Entus","LCK"
"1277","ROX Tigers","LCK"
"1278","Samsung Galaxy","LCK"
"1279","MVP","LCK"
"1280","Samsung Galaxy","LCK"
"1281","ESC Ever","LCK"
"1282","KT Rolster","LCK"
"1283","ESC Ever","LCK"
"1284","Afreeca Freecs","LCK"
"1285","Longzhu Gaming","LCK"
"1286","Afreeca Freecs","LCK"
"1287","MVP","LCK"
"1288","Jin Air Green Wings","LCK"
"1289","ESC Ever","LCK"
"1290","SK Telecom T1","LCK"
"1291","KT Rolster","LCK"
"1292","Longzhu Gaming","LCK"
"1293","Jin Air Green Wings","LCK"
"1294","Afreeca Freecs","LCK"
"1295","Jin Air Green Wings","LCK"
"1296","SK Telecom T1","LCK"
"1297","CJ Entus","LCK"
"1298","SK Telecom T1","LCK"
"1299","MVP","LCK"
"1300","ESC Ever","LCK"
"1301","MVP","LCK"
"1302","Afreeca Freecs","LCK"
"1303","SK Telecom T1","LCK"
"1304","Samsung Galaxy","LCK"
"1305","CJ Entus","LCK"
"1306","Jin Air Green Wings","LCK"
"1307","Longzhu Gaming","LCK"
"1308","Jin Air Green Wings","LCK"
"1309","ROX Tigers","LCK"
"1310","ESC Ever","LCK"
"1311","CJ Entus","LCK"
"1312","Afreeca Freecs","LCK"
"1313","CJ Entus","LCK"
"1314","Samsung Galaxy","LCK"
"1315","SK Telecom T1","LCK"
"1316","KT Rolster","LCK"
"1317","MVP","LCK"
"1318","Longzhu Gaming","LCK"
"1319","ROX Tigers","LCK"
"1320","ESC Ever","LCK"
"1321","Longzhu Gaming","LCK"
"1322","ESC Ever","LCK"
"1323","Samsung Galaxy","LCK"
"1324","ROX Tigers","LCK"
"1325","MVP","LCK"
"1326","Afreeca Freecs","LCK"
"1327","KT Rolster","LCK"
"1328","Jin Air Green Wings","LCK"
"1329","KT Rolster","LCK"
"1330","CJ Entus","LCK"
"1331","Longzhu Gaming","LCK"
"1332","Afreeca Freecs","LCK"
"1333","ESC Ever","LCK"
"1334","Afreeca Freecs","LCK"
"1335","ROX Tigers","LCK"
"1336","KT Rolster","LCK"
"1337","Jin Air Green Wings","LCK"
"1338","Samsung Galaxy","LCK"
"1339","MVP","LCK"
"1340","SK Telecom T1","LCK"
"1341","Jin Air Green Wings","LCK"
"1342","ROX Tigers","LCK"
"1343","Jin Air Green Wings","LCK"
"1344","KT Rolster","LCK"
"1345","SK Telecom T1","LCK"
"1346","KT Rolster","LCK"
"1347","MVP","LCK"
"1348","CJ Entus","LCK"
"1349","MVP","LCK"
"1350","Longzhu Gaming","LCK"
"1351","Samsung Galaxy","LCK"
"1352","SK Telecom T1","LCK"
"1353","ROX Tigers","LCK"
"1354","Jin Air Green Wings","LCK"
"1355","CJ Entus","LCK"
"1356","Samsung Galaxy","LCK"
"1357","ESC Ever","LCK"
"1358","Longzhu Gaming","LCK"
"1359","MVP","LCK"
"1360","KT Rolster","LCK"
"1361","Afreeca Freecs","LCK"
"1362","KT Rolster","LCK"
"1363","ESC Ever","LCK"
"1364","SK Telecom T1","LCK"
"1365","ESC Ever","LCK"
"1366","MVP","LCK"
"1367","Afreeca Freecs","LCK"
"1368","MVP","LCK"
"1369","Jin Air Green Wings","LCK"
"1370","KT Rolster","LCK"
"1371","Jin Air Green Wings","LCK"
"1372","MVP","LCK"
"1373","Longzhu Gaming","LCK"
"1374","ROX Tigers","LCK"
"1375","Afreeca Freecs","LCK"
"1376","KT Rolster","LCK"
"1377","CJ Entus","LCK"
"1378","KT Rolster","LCK"
"1379","Longzhu Gaming","LCK"
"1380","SK Telecom T1","LCK"
"1381","Samsung Galaxy","LCK"
"1382","ESC Ever","LCK"
"1383","Samsung Galaxy","LCK"
"1384","Jin Air Green Wings","LCK"
"1385","ROX Tigers","LCK"
"1386","MVP","LCK"
"1387","CJ Entus","LCK"
"1388","SK Telecom T1","LCK"
"1389","Afreeca Freecs","LCK"
"1390","Samsung Galaxy","LCK"
"1391","KT Rolster","LCK"
"1392","Jin Air Green Wings","LCK"
"1393","MVP","LCK"
"1394","Samsung Galaxy","LCK"
"1395","CJ Entus","LCK"
"1396","Samsung Galaxy","LCK"
"1397","ESC Ever","LCK"
"1398","KT Rolster","LCK"
"1399","ROX Tigers","LCK"
"1400","Longzhu Gaming","LCK"
"1401","SK Telecom T1","LCK"
"1402","Jin Air Green Wings","LCK"
"1403","SK Telecom T1","LCK"
"1404","Afreeca Freecs","LCK"
"1405","ESC Ever","LCK"
"1406","Samsung Galaxy","LCK"
"1407","Longzhu Gaming","LCK"
"1408","CJ Entus","LCK"
"1409","ROX Tigers","LCK"
"1410","CJ Entus","LCK"
"1411","Jin Air Green Wings","LCK"
"1412","Afreeca Freecs","LCK"
"1413","SK Telecom T1","LCK"
"1414","MVP","LCK"
"1415","SK Telecom T1","LCK"
"1416","Samsung Galaxy","LCK"
"1417","MVP","LCK"
"1418","ESC Ever","LCK"
"1419","KT Rolster","LCK"
"1420","Afreeca Freecs","LCK"
"1421","CJ Entus","LCK"
"1422","Jin Air Green Wings","LCK"
"1423","ESC Ever","LCK"
"1424","Longzhu Gaming","LCK"
"1425","ROX Tigers","LCK"
"1426","KT Rolster","LCK"
"1427","ROX Tigers","LCK"
"1428","Samsung Galaxy","LCK"
"1429","Jin Air Green Wings","LCK"
"1430","CJ Entus","LCK"
"1431","Longzhu Gaming","LCK"
"1432","CJ Entus","LCK"
"1433","ROX Tigers","LCK"
"1434","SK Telecom T1","LCK"
"1435","CJ Entus","LCK"
"1436","Afreeca Freecs","LCK"
"1437","KT Rolster","LCK"
"1438","SK Telecom T1","LCK"
"1439","Samsung Galaxy","LCK"
"1440","MVP","LCK"
"1441","ESC Ever","LCK"
"1442","ROX Tigers","LCK"
"1443","SK Telecom T1","LCK"
"1444","CJ Entus","LCK"
"1445","KT Rolster","LCK"
"1446","Longzhu Gaming","LCK"
"1447","KT Rolster","LCK"
"1448","MVP","LCK"
"1449","ROX Tigers","LCK"
"1450","MVP","LCK"
"1451","Jin Air Green Wings","LCK"
"1452","ESC Ever","LCK"
"1453","Jin Air Green Wings","LCK"
"1454","Afreeca Freecs","LCK"
"1455","Samsung Galaxy","LCK"
"1456","Jin Air Green Wings","LCK"
"1457","Longzhu Gaming","LCK"
"1458","MVP","LCK"
"1459","KT Rolster","LCK"
"1460","ROX Tigers","LCK"
"1461","Samsung Galaxy","LCK"
"1462","CJ Entus","LCK"
"1463","ESC Ever","LCK"
"1464","Afreeca Freecs","LCK"
"1465","Longzhu Gaming","LCK"
"1466","ahq e-Sports Club","LMS"
"1467","Flash Wolves","LMS"
"1468","Machi E-Sports","LMS"
"1469","Taipei Assassins","LMS"
"1470","Midnight Sun Esports","LMS"
"1471","Cougar E-Sport","LMS"
"1472","eXtreme Gamers","LMS"
"1473","Hong Kong Esports","LMS"
"1474","Flash Wolves","LMS"
"1475","Taipei Assassins","LMS"
"1476","ahq e-Sports Club","LMS"
"1477","Machi E-Sports","LMS"
"1478","Hong Kong Esports","LMS"
"1479","Midnight Sun Esports","LMS"
"1480","eXtreme Gamers","LMS"
"1481","Cougar E-Sport","LMS"
"1482","Taipei Assassins","LMS"
"1483","ahq e-Sports Club","LMS"
"1484","Midnight Sun Esports","LMS"
"1485","eXtreme Gamers","LMS"
"1486","Machi E-Sports","LMS"
"1487","Cougar E-Sport","LMS"
"1488","Flash Wolves","LMS"
"1489","Hong Kong Esports","LMS"
"1490","Midnight Sun Esports","LMS"
"1491","ahq e-Sports Club","LMS"
"1492","eXtreme Gamers","LMS"
"1493","Taipei Assassins","LMS"
"1494","Cougar E-Sport","LMS"
"1495","Hong Kong Esports","LMS"
"1496","Machi E-Sports","LMS"
"1497","Flash Wolves","LMS"
"1498","Taipei Assassins","LMS"
"1499","Hong Kong Esports","LMS"
"1500","ahq e-Sports Club","LMS"
"1501","Cougar E-Sport","LMS"
"1502","Hong Kong Esports","LMS"
"1503","Machi E-Sports","LMS"
"1504","Cougar E-Sport","LMS"
"1505","Flash Wolves","LMS"
"1506","eXtreme Gamers","LMS"
"1507","Flash Wolves","LMS"
"1508","Midnight Sun Esports","LMS"
"1509","Machi E-Sports","LMS"
"1510","Machi E-Sports","LMS"
"1511","eXtreme Gamers","LMS"
"1512","Flash Wolves","LMS"
"1513","Midnight Sun Esports","LMS"
"1514","ahq e-Sports Club","LMS"
"1515","eXtreme Gamers","LMS"
"1516","Taipei Assassins","LMS"
"1517","Midnight Sun Esports","LMS"
"1518","Cougar E-Sport","LMS"
"1519","Taipei Assassins","LMS"
"1520","Hong Kong Esports","LMS"
"1521","ahq e-Sports Club","LMS"
"1522","ahq e-Sports Club","LMS"
"1523","Taipei Assassins","LMS"
"1524","Cougar E-Sport","LMS"
"1525","Midnight Sun Esports","LMS"
"1526","Flash Wolves","LMS"
"1527","Machi E-Sports","LMS"
"1528","Hong Kong Esports","LMS"
"1529","eXtreme Gamers","LMS"
"1530","Hong Kong Esports","LMS"
"1531","Flash Wolves","LMS"
"1532","eXtreme Gamers","LMS"
"1533","ahq e-Sports Club","LMS"
"1534","ahq e-Sports Club","LMS"
"1535","Midnight Sun Esports","LMS"
"1536","Taipei Assassins","LMS"
"1537","eXtreme Gamers","LMS"
"1538","Cougar E-Sport","LMS"
"1539","Machi E-Sports","LMS"
"1540","Midnight Sun Esports","LMS"
"1541","Taipei Assassins","LMS"
"1542","Hong Kong Esports","LMS"
"1543","Taipei Assassins","LMS"
"1544","Cougar E-Sport","LMS"
"1545","ahq e-Sports Club","LMS"
"1546","Machi E-Sports","LMS"
"1547","Hong Kong Esports","LMS"
"1548","Flash Wolves","LMS"
"1549","Cougar E-Sport","LMS"
"1550","Midnight Sun Esports","LMS"
"1551","Flash Wolves","LMS"
"1552","eXtreme Gamers","LMS"
"1553","Machi E-Sports","LMS"
"1554","Flash Wolves","LMS"
"1555","eXtreme Gamers","LMS"
"1556","Taipei Assassins","LMS"
"1557","Cougar E-Sport","LMS"
"1558","Taipei Assassins","LMS"
"1559","Flash Wolves","LMS"
"1560","Cougar E-Sport","LMS"
"1561","eXtreme Gamers","LMS"
"1562","ahq e-Sports Club","LMS"
"1563","Hong Kong Esports","LMS"
"1564","Machi E-Sports","LMS"
"1565","Midnight Sun Esports","LMS"
"1566","Taipei Assassins","LMS"
"1567","Machi E-Sports","LMS"
"1568","eXtreme Gamers","LMS"
"1569","Midnight Sun Esports","LMS"
"1570","Machi E-Sports","LMS"
"1571","ahq e-Sports Club","LMS"
"1572","Midnight Sun Esports","LMS"
"1573","Hong Kong Esports","LMS"
"1574","Hong Kong Esports","LMS"
"1575","Cougar E-Sport","LMS"
"1576","Flash Wolves","LMS"
"1577","ahq e-Sports Club","LMS"
"1578","J Team","LMS"
"1579","Hong Kong Esports","LMS"
"1580","Machi E-Sports","LMS"
"1581","Flash Wolves","LMS"
"1582","eXtreme Gamers","LMS"
"1583","Team Mist","LMS"
"1584","ahq e-Sports Club","LMS"
"1585","Flash Wolves","LMS"
"1586","Hong Kong Esports","LMS"
"1587","Midnight Sun Esports","LMS"
"1588","Machi E-Sports","LMS"
"1589","Team Mist","LMS"
"1590","J Team","LMS"
"1591","ahq e-Sports Club","LMS"
"1592","Midnight Sun Esports","LMS"
"1593","eXtreme Gamers","LMS"
"1594","ahq e-Sports Club","LMS"
"1595","Machi E-Sports","LMS"
"1596","J Team","LMS"
"1597","Midnight Sun Esports","LMS"
"1598","eXtreme Gamers","LMS"
"1599","Hong Kong Esports","LMS"
"1600","eXtreme Gamers","LMS"
"1601","Flash Wolves","LMS"
"1602","Hong Kong Esports","LMS"
"1603","Machi E-Sports","LMS"
"1604","Team Mist","LMS"
"1605","J Team","LMS"
"1606","Team Mist","LMS"
"1607","Flash Wolves","LMS"
"1608","Midnight Sun Esports","LMS"
"1609","ahq e-Sports Club","LMS"
"1610","ahq e-Sports Club","LMS"
"1611","eXtreme Gamers","LMS"
"1612","Team Mist","LMS"
"1613","Hong Kong Esports","LMS"
"1614","Midnight Sun Esports","LMS"
"1615","Machi E-Sports","LMS"
"1616","Flash Wolves","LMS"
"1617","Hong Kong Esports","LMS"
"1618","ahq e-Sports Club","LMS"
"1619","Team Mist","LMS"
"1620","eXtreme Gamers","LMS"
"1621","J Team","LMS"
"1622","Flash Wolves","LMS"
"1623","Midnight Sun Esports","LMS"
"1624","Machi E-Sports","LMS"
"1625","J Team","LMS"
"1626","Flash Wolves","LMS"
"1627","J Team","LMS"
"1628","Machi E-Sports","LMS"
"1629","eXtreme Gamers","LMS"
"1630","Team Mist","LMS"
"1631","Midnight Sun Esports","LMS"
"1632","Hong Kong Esports","LMS"
"1633","ahq e-Sports Club","LMS"
"1634","Machi E-Sports","LMS"
"1635","Midnight Sun Esports","LMS"
"1636","J Team","LMS"
"1637","Flash Wolves","LMS"
"1638","Hong Kong Esports","LMS"
"1639","Team Mist","LMS"
"1640","eXtreme Gamers","LMS"
"1641","ahq e-Sports Club","LMS"
"1642","Flash Wolves","LMS"
"1643","Machi E-Sports","LMS"
"1644","Midnight Sun Esports","LMS"
"1645","J Team","LMS"
"1646","ahq e-Sports Club","LMS"
"1647","Hong Kong Esports","LMS"
"1648","Team Mist","LMS"
"1649","eXtreme Gamers","LMS"
"1650","Midnight Sun Esports","LMS"
"1651","Hong Kong Esports","LMS"
"1652","ahq e-Sports Club","LMS"
"1653","J Team","LMS"
"1654","Hong Kong Esports","LMS"
"1655","Flash Wolves","LMS"
"1656","Machi E-Sports","LMS"
"1657","ahq e-Sports Club","LMS"
"1658","Flash Wolves","LMS"
"1659","eXtreme Gamers","LMS"
"1660","J Team","LMS"
"1661","Team Mist","LMS"
"1662","eXtreme Gamers","LMS"
"1663","Midnight Sun Esports","LMS"
"1664","Team Mist","LMS"
"1665","Machi E-Sports","LMS"
"1666","Flash Wolves","LMS"
"1667","ahq e-Sports Club","LMS"
"1668","eXtreme Gamers","LMS"
"1669","Machi E-Sports","LMS"
"1670","Flash Wolves","LMS"
"1671","Team Mist","LMS"
"1672","ahq e-Sports Club","LMS"
"1673","Midnight Sun Esports","LMS"
"1674","Hong Kong Esports","LMS"
"1675","J Team","LMS"
"1676","Midnight Sun Esports","LMS"
"1677","Team Mist","LMS"
"1678","Team Mist","LMS"
"1679","ahq e-Sports Club","LMS"
"1680","Hong Kong Esports","LMS"
"1681","eXtreme Gamers","LMS"
"1682","Machi E-Sports","LMS"
"1683","Hong Kong Esports","LMS"
"1684","J Team","LMS"
"1685","eXtreme Gamers","LMS"
"1686","Midnight Sun Esports","LMS"
"1687","Flash Wolves","LMS"
"1688","J Team","LMS"
"1689","Machi E-Sports","LMS"
"1690","Saigon Jokers","GPL"
"1691","Saigon Jokers","GPL"
"1692","Saigon Jokers","GPL"
"1693","Saigon Jokers","GPL"
"1694","Bangkok Titans","GPL"
"1695","Kuala Lumpur Hunters","GPL"
"1696","Kuala Lumpur Hunters","GPL"
"1697","Bangkok Titans","GPL"
"1698","Saigon Jokers","GPL"
"1699","Imperium Pro Team","GPL"
"1700","Saigon Jokers","GPL"
"1701","Imperium Pro Team","GPL"
"1702","Saigon Jokers","GPL"
"1703","Kuala Lumpur Hunters","GPL"
"1704","Imperium Pro Team","GPL"
"1705","Kuala Lumpur Hunters","GPL"
"1706","Saigon Jokers","GPL"
"1707","Imperium Pro Team","GPL"
"1708","Bangkok Titans","GPL"
"1709","Kanaya Gaming","GPL"
"1710","Team Rigel","GPL"
"1711","Saigon Jokers","GPL"
"1712","Kanaya Gaming","GPL"
"1713","Kuala Lumpur Hunters","GPL"
"1714","Imperium Pro Team","GPL"
"1715","Team Rigel","GPL"
"1716","Bangkok Titans","GPL"
"1717","Saigon Jokers","GPL"
"1718","Saigon Jokers","GPL"
"1719","Saigon Jokers","GPL"
"1720","Saigon Jokers","GPL"
"1721","Saigon Jokers","GPL"
"1722","Saigon Jokers","GPL"
"1723","Vestigial","GPL"
"1724","Saigon Jokers","GPL"
"1725","Bangkok Titans","GPL"
"1726","Bangkok Titans","GPL"
"1727","Bangkok Titans","GPL"
"1728","Bangkok Titans","GPL"
"1729","Vestigial","GPL"
"1730","Vestigial","GPL"
"1731","Kuala Lumpur Hunters","GPL"
"1732","Vestigial","GPL"
"1733","Kanaya Gaming","GPL"
"1734","Bangkok Titans","GPL"
"1735","Kuala Lumpur Hunters","GPL"
"1736","Acclaim EmpireX","GPL"
"1737","Kuala Lumpur Hunters","GPL"
"1738","Saigon Jokers","GPL"
"1739","Vestigial","GPL"
"1740","Acclaim EmpireX","GPL"
"1741","Bangkok Titans","GPL"
"1742","Saigon Jokers","GPL"
"1743","Bangkok Titans","GPL"
"1744","Kanaya Gaming","GPL"
"1745","Saigon Jokers","GPL"
"1746","Rampage","LJL"
"1747","Unsold Stuff Gaming","LJL"
"1748","7th heaven","LJL"
"1749","Team BlackEye","LJL"
"1750","Rascal Jester","LJL"
"1751","DetonatioN FocusMe","LJL"
"1752","DetonatioN FocusMe","LJL"
"1753","Team BlackEye","LJL"
"1754","Unsold Stuff Gaming","LJL"
"1755","Rascal Jester","LJL"
"1756","Rampage","LJL"
"1757","7th heaven","LJL"
"1758","DetonatioN FocusMe","LJL"
"1759","Unsold Stuff Gaming","LJL"
"1760","Team BlackEye","LJL"
"1761","Rampage","LJL"
"1762","Team BlackEye","LJL"
"1763","Rascal Jester","LJL"
"1764","7th heaven","LJL"
"1765","Rascal Jester","LJL"
"1766","Unsold Stuff Gaming","LJL"
"1767","Team BlackEye","LJL"
"1768","DetonatioN FocusMe","LJL"
"1769","7th heaven","LJL"
"1770","Rascal Jester","LJL"
"1771","Rampage","LJL"
"1772","DetonatioN FocusMe","LJL"
"1773","Rampage","LJL"
"1774","DetonatioN FocusMe","LJL"
"1775","Team BlackEye","LJL"
"1776","Rascal Jester","LJL"
"1777","7th heaven","LJL"
"1778","Unsold Stuff Gaming","LJL"
"1779","7th heaven","LJL"
"1780","Rampage","LJL"
"1781","Unsold Stuff Gaming","LJL"
"1782","Rampage","LJL"
"1783","Team BlackEye","LJL"
"1784","7th heaven","LJL"
"1785","DetonatioN FocusMe","LJL"
"1786","Rascal Jester","LJL"
"1787","Rampage","LJL"
"1788","7th heaven","LJL"
"1789","Rampage","LJL"
"1790","Rascal Jester","LJL"
"1791","Unsold Stuff Gaming","LJL"
"1792","Team BlackEye","LJL"
"1793","DetonatioN FocusMe","LJL"
"1794","7th heaven","LJL"
"1795","Rascal Jester","LJL"
"1796","7th heaven","LJL"
"1797","Team BlackEye","LJL"
"1798","Rampage","LJL"
"1799","DetonatioN FocusMe","LJL"
"1800","Unsold Stuff Gaming","LJL"
"1801","DetonatioN FocusMe","LJL"
"1802","Team BlackEye","LJL"
"1803","Unsold Stuff Gaming","LJL"
"1804","7th heaven","LJL"
"1805","DetonatioN FocusMe","LJL"
"1806","Rampage","LJL"
"1807","Rascal Jester","LJL"
"1808","DetonatioN FocusMe","LJL"
"1809","Rampage","LJL"
"1810","Rascal Jester","LJL"
"1811","Team BlackEye","LJL"
"1812","Unsold Stuff Gaming","LJL"
"1813","7th heaven","LJL"
"1814","Unsold Stuff Gaming","LJL"
"1815","DetonatioN FocusMe","LJL"
"1816","Rampage","LJL"
"1817","DetonatioN FocusMe","LJL"
"1818","7th heaven","LJL"
"1819","Unsold Stuff Gaming","LJL"
"1820","SCARZ","LJL"
"1821","Team BlackEye","LJL"
"1822","SCARZ","LJL"
"1823","Rampage","LJL"
"1824","7th heaven","LJL"
"1825","Team BlackEye","LJL"
"1826","DetonatioN FocusMe","LJL"
"1827","Unsold Stuff Gaming","LJL"
"1828","Team BlackEye","LJL"
"1829","Rampage","LJL"
"1830","SCARZ","LJL"
"1831","Unsold Stuff Gaming","LJL"
"1832","SCARZ","LJL"
"1833","7th heaven","LJL"
"1834","DetonatioN FocusMe","LJL"
"1835","Team BlackEye","LJL"
"1836","Unsold Stuff Gaming","LJL"
"1837","Team BlackEye","LJL"
"1838","7th heaven","LJL"
"1839","Rampage","LJL"
"1840","SCARZ","LJL"
"1841","DetonatioN FocusMe","LJL"
"1842","7th heaven","LJL"
"1843","SCARZ","LJL"
"1844","DetonatioN FocusMe","LJL"
"1845","Team BlackEye","LJL"
"1846","DetonatioN FocusMe","LJL"
"1847","Rampage","LJL"
"1848","Unsold Stuff Gaming","LJL"
"1849","DetonatioN FocusMe","LJL"
"1850","Rampage","LJL"
"1851","7th heaven","LJL"
"1852","Unsold Stuff Gaming","LJL"
"1853","7th heaven","LJL"
"1854","SCARZ","LJL"
"1855","Team BlackEye","LJL"
"1856","SCARZ","LJL"
"1857","Rampage","LJL"
"1858","SCARZ","LJL"
"1859","Team BlackEye","LJL"
"1860","7th heaven","LJL"
"1861","Unsold Stuff Gaming","LJL"
"1862","DetonatioN FocusMe","LJL"
"1863","7th heaven","LJL"
"1864","DetonatioN FocusMe","LJL"
"1865","7th heaven","LJL"
"1866","Unsold Stuff Gaming","LJL"
"1867","SCARZ","LJL"
"1868","Unsold Stuff Gaming","LJL"
"1869","Rampage","LJL"
"1870","Team BlackEye","LJL"
"1871","DetonatioN FocusMe","LJL"
"1872","SCARZ","LJL"
"1873","Rampage","LJL"
"1874","7th heaven","LJL"
"1875","Unsold Stuff Gaming","LJL"
"1876","Team BlackEye","LJL"
"1877","Unsold Stuff Gaming","LJL"
"1878","Rampage","LJL"
"1879","Unsold Stuff Gaming","LJL"
"1880","Rampage","LJL"
"1881","Team BlackEye","LJL"
"1882","DetonatioN FocusMe","LJL"
"1883","Team BlackEye","LJL"
"1884","SCARZ","LJL"
"1885","7th heaven","LJL"
"1886","paiN Gaming","CBLOL"
"1887","g3nerationX","CBLOL"
"1888","CNB e-Sports Club","CBLOL"
"1889","KaBuM! e-Sports","CBLOL"
"1890","Keyd Stars","CBLOL"
"1891","RED Canids","CBLOL"
"1892","Operation Kino","CBLOL"
"1893","INTZ e-Sports","CBLOL"
"1894","CNB e-Sports Club","CBLOL"
"1895","g3nerationX","CBLOL"
"1896","paiN Gaming","CBLOL"
"1897","RED Canids","CBLOL"
"1898","Keyd Stars","CBLOL"
"1899","Operation Kino","CBLOL"
"1900","KaBuM! e-Sports","CBLOL"
"1901","INTZ e-Sports","CBLOL"
"1902","Keyd Stars","CBLOL"
"1903","paiN Gaming","CBLOL"
"1904","RED Canids","CBLOL"
"1905","g3nerationX","CBLOL"
"1906","Operation Kino","CBLOL"
"1907","KaBuM! e-Sports","CBLOL"
"1908","CNB e-Sports Club","CBLOL"
"1909","INTZ e-Sports","CBLOL"
"1910","Keyd Stars","CBLOL"
"1911","INTZ e-Sports","CBLOL"
"1912","Operation Kino","CBLOL"
"1913","RED Canids","CBLOL"
"1914","KaBuM! e-Sports","CBLOL"
"1915","g3nerationX","CBLOL"
"1916","paiN Gaming","CBLOL"
"1917","CNB e-Sports Club","CBLOL"
"1918","Keyd Stars","CBLOL"
"1919","KaBuM! e-Sports","CBLOL"
"1920","CNB e-Sports Club","CBLOL"
"1921","RED Canids","CBLOL"
"1922","g3nerationX","CBLOL"
"1923","INTZ e-Sports","CBLOL"
"1924","paiN Gaming","CBLOL"
"1925","Operation Kino","CBLOL"
"1926","paiN Gaming","CBLOL"
"1927","KaBuM! e-Sports","CBLOL"
"1928","Operation Kino","CBLOL"
"1929","g3nerationX","CBLOL"
"1930","Keyd Stars","CBLOL"
"1931","CNB e-Sports Club","CBLOL"
"1932","RED Canids","CBLOL"
"1933","INTZ e-Sports","CBLOL"
"1934","KaBuM! e-Sports","CBLOL"
"1935","RED Canids","CBLOL"
"1936","Keyd Stars","CBLOL"
"1937","g3nerationX","CBLOL"
"1938","CNB e-Sports Club","CBLOL"
"1939","Operation Kino","CBLOL"
"1940","paiN Gaming","CBLOL"
"1941","INTZ e-Sports","CBLOL"
"1942","Keyd Stars","CBLOL"
"1943","CNB e-Sports Club","CBLOL"
"1944","Big Gods","CBLOL"
"1945","Operation Kino","CBLOL"
"1946","paiN Gaming","CBLOL"
"1947","INTZ e-Sports","CBLOL"
"1948","KaBuM! e-Sports","CBLOL"
"1949","RED Canids","CBLOL"
"1950","Operation Kino","CBLOL"
"1951","Keyd Stars","CBLOL"
"1952","CNB e-Sports Club","CBLOL"
"1953","Big Gods","CBLOL"
"1954","INTZ e-Sports","CBLOL"
"1955","KaBuM! e-Sports","CBLOL"
"1956","RED Canids","CBLOL"
"1957","paiN Gaming","CBLOL"
"1958","Keyd Stars","CBLOL"
"1959","paiN Gaming","CBLOL"
"1960","Operation Kino","CBLOL"
"1961","RED Canids","CBLOL"
"1962","CNB e-Sports Club","CBLOL"
"1963","KaBuM! e-Sports","CBLOL"
"1964","INTZ e-Sports","CBLOL"
"1965","Big Gods","CBLOL"
"1966","Operation Kino","CBLOL"
"1967","INTZ e-Sports","CBLOL"
"1968","RED Canids","CBLOL"
"1969","Big Gods","CBLOL"
"1970","Keyd Stars","CBLOL"
"1971","KaBuM! e-Sports","CBLOL"
"1972","paiN Gaming","CBLOL"
"1973","CNB e-Sports Club","CBLOL"
"1974","KaBuM! e-Sports","CBLOL"
"1975","paiN Gaming","CBLOL"
"1976","Big Gods","CBLOL"
"1977","Keyd Stars","CBLOL"
"1978","INTZ e-Sports","CBLOL"
"1979","RED Canids","CBLOL"
"1980","CNB e-Sports Club","CBLOL"
"1981","Operation Kino","CBLOL"
"1982","paiN Gaming","CBLOL"
"1983","Operation Kino","CBLOL"
"1984","KaBuM! e-Sports","CBLOL"
"1985","Big Gods","CBLOL"
"1986","CNB e-Sports Club","CBLOL"
"1987","INTZ e-Sports","CBLOL"
"1988","Keyd Stars","CBLOL"
"1989","RED Canids","CBLOL"
"1990","Big Gods","CBLOL"
"1991","paiN Gaming","CBLOL"
"1992","Operation Kino","CBLOL"
"1993","KaBuM! e-Sports","CBLOL"
"1994","RED Canids","CBLOL"
"1995","CNB e-Sports Club","CBLOL"
"1996","INTZ e-Sports","CBLOL"
"1997","Keyd Stars","CBLOL"
"1998","Havoks Gaming","LAN"
"1999","Lyon Gaming","LAN"
"2000","Tesla E-Sports","LAN"
"2001","Revenge eSports","LAN"
"2002","Havoks Gaming","LAN"
"2003","Dash9 Gaming","LAN"
"2004","Galactic Gamers","LAN"
"2005","Lyon Gaming","LAN"
"2006","Revenge eSports","LAN"
"2007","Lyon Gaming","LAN"
"2008","Havoks Gaming","LAN"
"2009","Tesla E-Sports","LAN"
"2010","Galactic Gamers","LAN"
"2011","Dash9 Gaming","LAN"
"2012","Havoks Gaming","LAN"
"2013","Revenge eSports","LAN"
"2014","Tesla E-Sports","LAN"
"2015","Galactic Gamers","LAN"
"2016","Dash9 Gaming","LAN"
"2017","Lyon Gaming","LAN"
"2018","Galactic Gamers","LAN"
"2019","Havoks Gaming","LAN"
"2020","Lyon Gaming","LAN"
"2021","Havoks Gaming","LAN"
"2022","Revenge eSports","LAN"
"2023","Tesla E-Sports","LAN"
"2024","Dash9 Gaming","LAN"
"2025","Havoks Gaming","LAN"
"2026","Galactic Gamers","LAN"
"2027","Lyon Gaming","LAN"
"2028","Tesla E-Sports","LAN"
"2029","Lyon Gaming","LAN"
"2030","Revenge eSports","LAN"
"2031","Dash9 Gaming","LAN"
"2032","Galactic Gamers","LAN"
"2033","Revenge eSports","LAN"
"2034","Tesla E-Sports","LAN"
"2035","Dash9 Gaming","LAN"
"2036","Galactic Gamers","LAN"
"2037","Revenge eSports","LAN"
"2038","Lyon Gaming","LAN"
"2039","Galactic Gamers","LAN"
"2040","BrawL eSports","LAN"
"2041","Just Toys Havoks","LAN"
"2042","ZAGA Talent Gaming","LAN"
"2043","Just Toys Havoks","LAN"
"2044","Galactic Gamers","LAN"
"2045","Just Toys Havoks","LAN"
"2046","Galactic Gamers","LAN"
"2047","Revenge eSports","LAN"
"2048","BrawL eSports","LAN"
"2049","Lyon Gaming","LAN"
"2050","ZAGA Talent Gaming","LAN"
"2051","BrawL eSports","LAN"
"2052","Just Toys Havoks","LAN"
"2053","ZAGA Talent Gaming","LAN"
"2054","Revenge eSports","LAN"
"2055","Lyon Gaming","LAN"
"2056","Galactic Gamers","LAN"
"2057","Revenge eSports","LAN"
"2058","Just Toys Havoks","LAN"
"2059","ZAGA Talent Gaming","LAN"
"2060","Galactic Gamers","LAN"
"2061","BrawL eSports","LAN"
"2062","Lyon Gaming","LAN"
"2063","Galactic Gamers","LAN"
"2064","Revenge eSports","LAN"
"2065","BrawL eSports","LAN"
"2066","ZAGA Talent Gaming","LAN"
"2067","Lyon Gaming","LAN"
"2068","Just Toys Havoks","LAN"
"2069","Lyon Gaming","LAN"
"2070","Lyon Gaming","LAN"
"2071","Revenge eSports","LAN"
"2072","BrawL eSports","LAN"
"2073","Galactic Gamers","LAN"
"2074","ZAGA Talent Gaming","LAN"
"2075","Just Toys Havoks","LAN"
"2076","Galactic Gamers","LAN"
"2077","Just Toys Havoks","LAN"
"2078","Revenge eSports","LAN"
"2079","BrawL eSports","LAN"
"2080","Revenge eSports","LAN"
"2081","ZAGA Talent Gaming","LAN"
"2082","Lyon Gaming","LAN"
"2083","Just Toys Havoks","LAN"
"2084","BrawL eSports","LAN"
"2085","Revenge eSports","LAN"
"2086","ZAGA Talent Gaming","LAN"
"2087","Lyon Gaming","LAN"
"2088","Galactic Gamers","LAN"
"2089","Lyon Gaming","LAN"
"2090","Just Toys Havoks","LAN"
"2091","Revenge eSports","LAN"
"2092","ZAGA Talent Gaming","LAN"
"2093","Galactic Gamers","LAN"
"2094","ZAGA Talent Gaming","LAN"
"2095","Lyon Gaming","LAN"
"2096","BrawL eSports","LAN"
"2097","Revenge eSports","LAN"
"2098","Galactic Gamers","LAN"
"2099","ZAGA Talent Gaming","LAN"
"2100","BrawL eSports","LAN"
"2101","Lyon Gaming","LAN"
"2102","Just Toys Havoks","LAN"
"2103","Hafnet eSports","LAS"
"2104","Rebirth eSports","LAS"
"2105","Kaos Latin Gamers","LAS"
"2106","Isurus Gaming","LAS"
"2107","Hafnet eSports","LAS"
"2108","Last Kings","LAS"
"2109","Furious Gaming","LAS"
"2110","Furious Gaming","LAS"
"2111","Isurus Gaming","LAS"
"2112","Kaos Latin Gamers","LAS"
"2113","Last Kings","LAS"
"2114","Rebirth eSports","LAS"
"2115","Hafnet eSports","LAS"
"2116","Hafnet eSports","LAS"
"2117","Furious Gaming","LAS"
"2118","Last Kings","LAS"
"2119","Rebirth eSports","LAS"
"2120","Kaos Latin Gamers","LAS"
"2121","Isurus Gaming","LAS"
"2122","Rebirth eSports","LAS"
"2123","Furious Gaming","LAS"
"2124","Hafnet eSports","LAS"
"2125","Kaos Latin Gamers","LAS"
"2126","Last Kings","LAS"
"2127","Isurus Gaming","LAS"
"2128","Isurus Gaming","LAS"
"2129","Rebirth eSports","LAS"
"2130","Hafnet eSports","LAS"
"2131","Last Kings","LAS"
"2132","Furious Gaming","LAS"
"2133","Kaos Latin Gamers","LAS"
"2134","Kaos Latin Gamers","LAS"
"2135","Rebirth eSports","LAS"
"2136","Hafnet eSports","LAS"
"2137","Isurus Gaming","LAS"
"2138","Furious Gaming","LAS"
"2139","Last Kings","LAS"
"2140","Isurus Gaming","LAS"
"2141","Furious Gaming","LAS"
"2142","Last Kings","LAS"
"2143","Kaos Latin Gamers","LAS"
"2144","Hafnet eSports","LAS"
"2145","Rebirth eSports","LAS"
"2146","Furious Gaming","LAS"
"2147","Hafnet eSports","LAS"
"2148","Rebirth eSports","LAS"
"2149","Last Kings","LAS"
"2150","Isurus Gaming","LAS"
"2151","Kaos Latin Gamers","LAS"
"2152","Furious Gaming","LAS"
"2153","Rebirth eSports","LAS"
"2154","Kaos Latin Gamers","LAS"
"2155","Hafnet eSports","LAS"
"2156","Isurus Gaming","LAS"
"2157","Last Kings","LAS"
"2158","Rebirth eSports","LAS"
"2159","Isurus Gaming","LAS"
"2160","Last Kings","LAS"
"2161","Hafnet eSports","LAS"
"2162","Kaos Latin Gamers","LAS"
"2163","Furious Gaming","LAS"
"2164","Rebirth eSports","LAS"
"2165","Hafnet eSports","LAS"
"2166","Kaos Latin Gamers","LAS"
"2167","Furious Gaming","LAS"
"2168","Last Kings","LAS"
"2169","Isurus Gaming","LAS"
"2170","Hafnet eSports","LAS"
"2171","Kaos Latin Gamers","LAS"
"2172","Last Kings","LAS"
"2173","Rebirth eSports","LAS"
"2174","Furious Gaming","LAS"
"2175","Isurus Gaming","LAS"
"2176","Kaos Latin Gamers","LAS"
"2177","Last Kings","LAS"
"2178","Furious Gaming","LAS"
"2179","Hafnet eSports","LAS"
"2180","Isurus Gaming","LAS"
"2181","Rebirth eSports","LAS"
"2182","Last Kings","LAS"
"2183","Furious Gaming","LAS"
"2184","Rebirth eSports","LAS"
"2185","Kaos Latin Gamers","LAS"
"2186","Isurus Gaming","LAS"
"2187","Hafnet eSports","LAS"
"2188","Rebirth eSports","LAS"
"2189","Furious Gaming","LAS"
"2190","Hafnet eSports","LAS"
"2191","Last Kings","LAS"
"2192","Kaos Latin Gamers","LAS"
"2193","Isurus Gaming","LAS"
"2194","Hafnet eSports","LAS"
"2195","Rebirth eSports","LAS"
"2196","Furious Gaming","LAS"
"2197","Kaos Latin Gamers","LAS"
"2198","Isurus Gaming","LAS"
"2199","Last Kings","LAS"
"2200","Kaos Latin Gamers","LAS"
"2201","Hafnet eSports","LAS"
"2202","Rebirth eSports","LAS"
"2203","Last Kings","LAS"
"2204","Isurus Gaming","LAS"
"2205","Furious Gaming","LAS"
"2206","Last Kings","LAS"
"2207","Kaos Latin Gamers","LAS"
"2208","Hafnet eSports","LAS"
"2209","Furious Gaming","LAS"
"2210","Rebirth eSports","LAS"
"2211","Isurus Gaming","LAS"
"2212","Furious Gaming","LAS"
"2213","Last Kings","LAS"
"2214","Kaos Latin Gamers","LAS"
"2215","Rebirth eSports","LAS"
"2216","Hafnet eSports","LAS"
"2217","Isurus Gaming","LAS"
"2218","Furious Gaming","LAS"
"2219","Rebirth eSports","LAS"
"2220","Last Kings","LAS"
"2221","Hafnet eSports","LAS"
"2222","Isurus Gaming","LAS"
"2223","Kaos Latin Gamers","LAS"
"2224","SuperMassive eSports","TCL"
"2225","SuperMassive eSports","TCL"
"2226","Beikta.OH","TCL"
"2227","SuperMassive eSports","TCL"
"2228","HWA Gaming","TCL"
"2229","Beikta.OH","TCL"
"2230","HWA Gaming","TCL"
"2231","Team AURORA","TCL"
"2232","Team Turquality","TCL"
"2233","SuperMassive eSports","TCL"
"2234","Beikta.OH","TCL"
"2235","NumberOne Esports","TCL"
"2236","LEKLER","TCL"
"2237","SuperMassive eSports","TCL"
"2238","NumberOne Esports","TCL"
"2239","Dark Passage","TCL"
"2240","Team AURORA","TCL"
"2241","SuperMassive eSports","TCL"
"2242","LEKLER","TCL"
"2243","HWA Gaming","TCL"
"2244","Team Turquality","TCL"
"2245","Team Turquality","TCL"
"2246","Beikta.OH","TCL"
"2247","NumberOne Esports","TCL"
"2248","Dark Passage","TCL"
"2249","HWA Gaming","TCL"
"2250","Team AURORA","TCL"
"2251","Beikta.OH","TCL"
"2252","LEKLER","TCL"
"2253","Team Turquality","TCL"
"2254","Team AURORA","TCL"
"2255","SuperMassive eSports","TCL"
"2256","NumberOne Esports","TCL"
"2257","Dark Passage","TCL"
"2258","LEKLER","TCL"
"2259","SuperMassive eSports","TCL"
"2260","NumberOne Esports","TCL"
"2261","HWA Gaming","TCL"
"2262","Team AURORA","TCL"
"2263","Dark Passage","TCL"
"2264","Team Turquality","TCL"
"2265","Team Turquality","TCL"
"2266","Beikta.OH","TCL"
"2267","LEKLER","TCL"
"2268","HWA Gaming","TCL"
"2269","Dark Passage","TCL"
"2270","NumberOne Esports","TCL"
"2271","Beikta.OH","TCL"
"2272","Team AURORA","TCL"
"2273","HWA Gaming","TCL"
"2274","LEKLER","TCL"
"2275","SuperMassive eSports","TCL"
"2276","Team AURORA","TCL"
"2277","Team Turquality","TCL"
"2278","NumberOne Esports","TCL"
"2279","Dark Passage","TCL"
"2280","SuperMassive eSports","TCL"
"2281","Dark Passage","TCL"
"2282","LEKLER","TCL"
"2283","Beikta.OH","TCL"
"2284","HWA Gaming","TCL"
"2285","SuperMassive eSports","TCL"
"2286","HWA Gaming","TCL"
"2287","Crew e-Sports Club","TCL"
"2288","Dark Passage","TCL"
"2289","Team AURORA","TCL"
"2290","LEKLER","TCL"
"2291","Team Turquality","TCL"
"2292","Beikta.OH","TCL"
"2293","HWA Gaming","TCL"
"2294","LEKLER","TCL"
"2295","Dark Passage","TCL"
"2296","SuperMassive eSports","TCL"
"2297","Team AURORA","TCL"
"2298","Team Turquality","TCL"
"2299","Beikta.OH","TCL"
"2300","Crew e-Sports Club","TCL"
"2301","Dark Passage","TCL"
"2302","HWA Gaming","TCL"
"2303","LEKLER","TCL"
"2304","Team Turquality","TCL"
"2305","Beikta.OH","TCL"
"2306","SuperMassive eSports","TCL"
"2307","Crew e-Sports Club","TCL"
"2308","Team AURORA","TCL"
"2309","LEKLER","TCL"
"2310","Dark Passage","TCL"
"2311","Team Turquality","TCL"
"2312","Crew e-Sports Club","TCL"
"2313","HWA Gaming","TCL"
"2314","Beikta.OH","TCL"
"2315","Team AURORA","TCL"
"2316","SuperMassive eSports","TCL"
"2317","Crew e-Sports Club","TCL"
"2318","LEKLER","TCL"
"2319","Dark Passage","TCL"
"2320","Beikta.OH","TCL"
"2321","SuperMassive eSports","TCL"
"2322","Team Turquality","TCL"
"2323","HWA Gaming","TCL"
"2324","Team AURORA","TCL"
"2325","SuperMassive eSports","TCL"
"2326","Crew e-Sports Club","TCL"
"2327","Team AURORA","TCL"
"2328","Dark Passage","TCL"
"2329","Beikta.OH","TCL"
"2330","LEKLER","TCL"
"2331","Team Turquality","TCL"
"2332","HWA Gaming","TCL"
"2333","Beikta.OH","TCL"
"2334","Team Turquality","TCL"
"2335","LEKLER","TCL"
"2336","Team AURORA","TCL"
"2337","Team AURORA","TCL"
"2338","Beikta.OH","TCL"
"2339","HWA Gaming","TCL"
"2340","SuperMassive eSports","TCL"
"2341","Dark Passage","TCL"
"2342","Crew e-Sports Club","TCL"
"2343","Crew e-Sports Club","TCL"
"2344","HWA Gaming","TCL"
"2345","Dark Passage","TCL"
"2346","Team Turquality","TCL"
"2347","LEKLER","TCL"
"2348","SuperMassive eSports","TCL"
"2349","HWA Gaming","TCL"
"2350","Dark Passage","TCL"
"2351","Team Turquality","TCL"
"2352","Team AURORA","TCL"
"2353","Crew e-Sports Club","TCL"
"2354","Beikta.OH","TCL"
"2355","SuperMassive eSports","TCL"
"2356","Dark Passage","TCL"
"2357","Team Turquality","TCL"
"2358","LEKLER","TCL"
"2359","Team AURORA","TCL"
"2360","Crew e-Sports Club","TCL"
"2361","SuperMassive eSports","TCL"
"2362","Beikta.OH","TCL"
"2363","LEKLER","TCL"
"2364","HWA Gaming","TCL"
"2365","Beikta.OH","TCL"
"2366","Dark Passage","TCL"
"2367","Crew e-Sports Club","TCL"
"2368","Team Turquality","TCL"
"2369","SuperMassive eSports","TCL"
"2370","Team AURORA","TCL"
"2371","Beikta.OH","TCL"
"2372","HWA Gaming","TCL"
"2373","LEKLER","TCL"
"2374","Crew e-Sports Club","TCL"
"2375","Team Turquality","TCL"
"2376","SuperMassive eSports","TCL"
"2377","Team AURORA","TCL"
"2378","HWA Gaming","TCL"
"2379","Dark Passage","TCL"
"2380","LEKLER","TCL"
"2381","Crew e-Sports Club","TCL"
"2382","SuperMassive eSports","TCL"
"2383","LEKLER","TCL"
"2384","Beikta.OH","TCL"
"2385","SuperMassive eSports","TCL"
"2386","LEKLER","TCL"
"2387","Dark Passage","TCL"
"2388","Team AURORA","TCL"
"2389","HWA Gaming","TCL"
"2390","Team Turquality","TCL"
"2391","HWA Gaming","TCL"
"2392","Crew e-Sports Club","TCL"
"2393","Team Turquality","TCL"
"2394","Dark Passage","TCL"
"2395","Beikta.OH","TCL"
"2396","Team AURORA","TCL"
"2397","Sin Gaming","OPL"
"2398","Sin Gaming","OPL"
"2399","Chiefs Esports Club","OPL"
"2400","Hellions e-Sports Club","OPL"
"2401","Dire Wolves","OPL"
"2402","Legacy Esports","OPL"
"2403","Avant Garde","OPL"
"2404","Trident Esports","OPL"
"2405","Infernum Gaming","OPL"
"2406","Hellions e-Sports Club","OPL"
"2407","Sin Gaming","OPL"
"2408","Legacy Esports","OPL"
"2409","Chiefs Esports Club","OPL"
"2410","Legacy Esports","OPL"
"2411","Dire Wolves","OPL"
"2412","Trident Esports","OPL"
"2413","Infernum Gaming","OPL"
"2414","Avant Garde","OPL"
"2415","Avant Garde","OPL"
"2416","Dire Wolves","OPL"
"2417","Avant Garde","OPL"
"2418","Legacy Esports","OPL"
"2419","Hellions e-Sports Club","OPL"
"2420","Sin Gaming","OPL"
"2421","Infernum Gaming","OPL"
"2422","Trident Esports","OPL"
"2423","Chiefs Esports Club","OPL"
"2424","Trident Esports","OPL"
"2425","Hellions e-Sports Club","OPL"
"2426","Infernum Gaming","OPL"
"2427","Sin Gaming","OPL"
"2428","Chiefs Esports Club","OPL"
"2429","Sin Gaming","OPL"
"2430","Legacy Esports","OPL"
"2431","Trident Esports","OPL"
"2432","Dire Wolves","OPL"
"2433","Sin Gaming","OPL"
"2434","Chiefs Esports Club","OPL"
"2435","Dire Wolves","OPL"
"2436","Chiefs Esports Club","OPL"
"2437","Trident Esports","OPL"
"2438","Avant Garde","OPL"
"2439","Trident Esports","OPL"
"2440","Dire Wolves","OPL"
"2441","Trident Esports","OPL"
"2442","Dire Wolves","OPL"
"2443","Legacy Esports","OPL"
"2444","Infernum Gaming","OPL"
"2445","Chiefs Esports Club","OPL"
"2446","Hellions e-Sports Club","OPL"
"2447","Avant Garde","OPL"
"2448","Sin Gaming","OPL"
"2449","Avant Garde","OPL"
"2450","Sin Gaming","OPL"
"2451","Trident Esports","OPL"
"2452","Dire Wolves","OPL"
"2453","Legacy Esports","OPL"
"2454","Infernum Gaming","OPL"
"2455","Chiefs Esports Club","OPL"
"2456","Hellions e-Sports Club","OPL"
"2457","Avant Garde","OPL"
"2458","Hellions e-Sports Club","OPL"
"2459","Sin Gaming","OPL"
"2460","Dire Wolves","OPL"
"2461","Chiefs Esports Club","OPL"
"2462","Avant Garde","OPL"
"2463","Chiefs Esports Club","OPL"
"2464","Hellions e-Sports Club","OPL"
"2465","Trident Esports","OPL"
"2466","Hellions e-Sports Club","OPL"
"2467","Infernum Gaming","OPL"
"2468","Legacy Esports","OPL"
"2469","Hellions e-Sports Club","OPL"
"2470","Legacy Esports","OPL"
"2471","Infernum Gaming","OPL"
"2472","Avant Garde","OPL"
"2473","Infernum Gaming","OPL"
"2474","Dire Wolves","OPL"
"2475","Chiefs Esports Club","OPL"
"2476","Dire Wolves","OPL"
"2477","Infernum Gaming","OPL"
"2478","Hellions e-Sports Club","OPL"
"2479","Avant Garde","OPL"
"2480","Legacy Esports","OPL"
"2481","Trident Esports","OPL"
"2482","Sin Gaming","OPL"
"2483","Hellions e-Sports Club","OPL"
"2484","Avant Garde","OPL"
"2485","Trident Esports","OPL"
"2486","Chiefs Esports Club","OPL"
"2487","Legacy Esports","OPL"
"2488","Sin Gaming","OPL"
"2489","Infernum Gaming","OPL"
"2490","Dire Wolves","OPL"
"2491","Dire Wolves","OPL"
"2492","Legacy Esports","OPL"
"2493","Tainted Minds","OPL"
"2494","Sin Gaming","OPL"
"2495","Tainted Minds","OPL"
"2496","Avant Garde","OPL"
"2497","Chiefs Esports Club","OPL"
"2498","Avant Garde","OPL"
"2499","Abyss Esports","OPL"
"2500","Hellions e-Sports Club","OPL"
"2501","Sin Gaming","OPL"
"2502","Chiefs Esports Club","OPL"
"2503","Dire Wolves","OPL"
"2504","Hellions e-Sports Club","OPL"
"2505","Tainted Minds","OPL"
"2506","Avant Garde","OPL"
"2507","Tainted Minds","OPL"
"2508","Legacy Esports","OPL"
"2509","Abyss Esports","OPL"
"2510","Chiefs Esports Club","OPL"
"2511","Tainted Minds","OPL"
"2512","Avant Garde","OPL"
"2513","Sin Gaming","OPL"
"2514","Avant Garde","OPL"
"2515","Legacy Esports","OPL"
"2516","Hellions e-Sports Club","OPL"
"2517","Dire Wolves","OPL"
"2518","Abyss Esports","OPL"
"2519","Chiefs Esports Club","OPL"
"2520","Abyss Esports","OPL"
"2521","Tainted Minds","OPL"
"2522","Hellions e-Sports Club","OPL"
"2523","Legacy Esports","OPL"
"2524","Sin Gaming","OPL"
"2525","Legacy Esports","OPL"
"2526","Hellions e-Sports Club","OPL"
"2527","Avant Garde","OPL"
"2528","Chiefs Esports Club","OPL"
"2529","Dire Wolves","OPL"
"2530","Chiefs Esports Club","OPL"
"2531","Tainted Minds","OPL"
"2532","Abyss Esports","OPL"
"2533","Tainted Minds","OPL"
"2534","Chiefs Esports Club","OPL"
"2535","Legacy Esports","OPL"
"2536","Chiefs Esports Club","OPL"
"2537","Abyss Esports","OPL"
"2538","Avant Garde","OPL"
"2539","Abyss Esports","OPL"
"2540","Hellions e-Sports Club","OPL"
"2541","Sin Gaming","OPL"
"2542","Dire Wolves","OPL"
"2543","Tainted Minds","OPL"
"2544","Sin Gaming","OPL"
"2545","Abyss Esports","OPL"
"2546","Sin Gaming","OPL"
"2547","Legacy Esports","OPL"
"2548","Tainted Minds","OPL"
"2549","Legacy Esports","OPL"
"2550","Dire Wolves","OPL"
"2551","Avant Garde","OPL"
"2552","Chiefs Esports Club","OPL"
"2553","Hellions e-Sports Club","OPL"
"2554","Dire Wolves","OPL"
"2555","Sin Gaming","OPL"
"2556","Dire Wolves","OPL"
"2557","Avant Garde","OPL"
"2558","Legacy Esports","OPL"
"2559","Avant Garde","OPL"
"2560","Chiefs Esports Club","OPL"
"2561","Avant Garde","OPL"
"2562","Chiefs Esports Club","OPL"
"2563","Hellions e-Sports Club","OPL"
"2564","Dire Wolves","OPL"
"2565","Legacy Esports","OPL"
"2566","Abyss Esports","OPL"
"2567","Legacy Esports","OPL"
"2568","Sin Gaming","OPL"
"2569","Tainted Minds","OPL"
"2570","Sin Gaming","OPL"
"2571","Avant Garde","OPL"
"2572","Sin Gaming","OPL"
"2573","Tainted Minds","OPL"
"2574","Chiefs Esports Club","OPL"
"2575","Dire Wolves","OPL"
"2576","Abyss Esports","OPL"
"2577","Dire Wolves","OPL"
"2578","Hellions e-Sports Club","OPL"
"2579","Legacy Esports","OPL"
"2580","Legacy Esports","OPL"
"2581","Dire Wolves","OPL"
"2582","Avant Garde","OPL"
"2583","Tainted Minds","OPL"
"2584","Avant Garde","OPL"
"2585","Abyss Esports","OPL"
"2586","Hellions e-Sports Club","OPL"
"2587","Abyss Esports","OPL"
"2588","Chiefs Esports Club","OPL"
"2589","Sin Gaming","OPL"
"2590","Vega Squadron","LCL"
"2591","Vaevictis eSports","LCL"
"2592","Vega Squadron","LCL"
"2593","Team Just","LCL"
"2594","Vaevictis eSports","LCL"
"2595","Natus Vincere.CIS","LCL"
"2596","Team Differential","LCL"
"2597","Vaevictis eSports","LCL"
"2598","Team Empire","LCL"
"2599","Team Differential","LCL"
"2600","Vaevictis eSports","LCL"
"2601","RoX","LCL"
"2602","Vega Squadron","LCL"
"2603","Hard Random","LCL"
"2604","Team Just","LCL"
"2605","Vega Squadron","LCL"
"2606","Team Empire","LCL"
"2607","Team Just","LCL"
"2608","Team Empire","LCL"
"2609","Natus Vincere.CIS","LCL"
"2610","RoX","LCL"
"2611","Team Differential","LCL"
"2612","Vega Squadron","LCL"
"2613","Team Empire","LCL"
"2614","Natus Vincere.CIS","LCL"
"2615","Vega Squadron","LCL"
"2616","Hard Random","LCL"
"2617","Vega Squadron","LCL"
"2618","Team Just","LCL"
"2619","RoX","LCL"
"2620","Natus Vincere.CIS","LCL"
"2621","Vaevictis eSports","LCL"
"2622","Team Differential","LCL"
"2623","Team Just","LCL"
"2624","Hard Random","LCL"
"2625","RoX","LCL"
"2626","Team Just","LCL"
"2627","Hard Random","LCL"
"2628","Vaevictis eSports","LCL"
"2629","Hard Random","LCL"
"2630","Natus Vincere.CIS","LCL"
"2631","Team Differential","LCL"
"2632","Team Just","LCL"
"2633","Team Differential","LCL"
"2634","Natus Vincere.CIS","LCL"
"2635","Vaevictis eSports","LCL"
"2636","Vega Squadron","LCL"
"2637","Team Empire","LCL"
"2638","Vega Squadron","LCL"
"2639","Team Just","LCL"
"2640","RoX","LCL"
"2641","Team Differential","LCL"
"2642","Vaevictis eSports","LCL"
"2643","Hard Random","LCL"
"2644","Team Empire","LCL"
"2645","Team Empire","LCL"
"2646","Vaevictis eSports","LCL"
"2647","Natus Vincere.CIS","LCL"
"2648","Vaevictis eSports","LCL"
"2649","Team Just","LCL"
"2650","Gambit Esports","LCL"
"2651","Team Empire","LCL"
"2652","Vega Squadron","LCL"
"2653","Albus NoX Luna","LCL"
"2654","Team Empire","LCL"
"2655","Gambit Esports","LCL"
"2656","Natus Vincere.CIS","LCL"
"2657","Team Just","LCL"
"2658","Vega Squadron","LCL"
"2659","RoX","LCL"
"2660","Vaevictis eSports","LCL"
"2661","RoX","LCL"
"2662","Albus NoX Luna","LCL"
"2663","Natus Vincere.CIS","LCL"
"2664","Gambit Esports","LCL"
"2665","Natus Vincere.CIS","LCL"
"2666","Team Just","LCL"
"2667","RoX","LCL"
"2668","Gambit Esports","LCL"
"2669","Vega Squadron","LCL"
"2670","Albus NoX Luna","LCL"
"2671","Vaevictis eSports","LCL"
"2672","Vaevictis eSports","LCL"
"2673","Team Just","LCL"
"2674","Natus Vincere.CIS","LCL"
"2675","Vega Squadron","LCL"
"2676","Vaevictis eSports","LCL"
"2677","Albus NoX Luna","LCL"
"2678","Gambit Esports","LCL"
"2679","RoX","LCL"
"2680","Albus NoX Luna","LCL"
"2681","Natus Vincere.CIS","LCL"
"2682","Vega Squadron","LCL"
"2683","Vaevictis eSports","LCL"
"2684","RoX","LCL"
"2685","Natus Vincere.CIS","LCL"
"2686","Team Just","LCL"
"2687","Team Empire","LCL"
"2688","Albus NoX Luna","LCL"
"2689","Vega Squadron","LCL"
"2690","Team Just","LCL"
"2691","Team Just","LCL"
"2692","Vega Squadron","LCL"
"2693","Gambit Esports","LCL"
"2694","Team Empire","LCL"
"2695","Team Empire","LCL"
"2696","RoX","LCL"
"2697","Albus NoX Luna","LCL"
"2698","Vaevictis eSports","LCL"
"2699","RoX","LCL"
"2700","Gambit Esports","LCL"
"2701","Natus Vincere.CIS","LCL"
"2702","Team Empire","LCL"
"2703","SK Telecom T1","LCK"
"2704","Samsung Galaxy","LCK"
"2705","SK Telecom T1","LCK"
"2706","Samsung Galaxy","LCK"
"2707","SK Telecom T1","LCK"
"2708","H2k-Gaming","EU"
"2709","Samsung Galaxy","LCK"
"2710","H2k-Gaming","EU"
"2711","SK Telecom T1","LCK"
"2712","ROX Tigers","LCK"
"2713","SK Telecom T1","LCK"
"2714","ROX Tigers","LCK"
"2715","SK Telecom T1","LCK"
"2716","Albus NoX Luna","LCL"
"2717","H2k-Gaming","EU"
"2718","Albus NoX Luna","LCL"
"2719","ROX Tigers","LCK"
"2720","EDward Gaming","LPL"
"2721","ROX Tigers","LCK"
"2722","EDward Gaming","LPL"
"2723","SK Telecom T1","LCK"
"2724","Royal Never Give Up","LPL"
"2725","SK Telecom T1","LCK"
"2726","Royal Never Give Up","LPL"
"2727","Cloud9","NA"
"2728","Samsung Galaxy","LCK"
"2729","Cloud9","NA"
"2730","SK Telecom T1","LCK"
"2731","Cloud9","NA"
"2732","I May","LPL"
"2733","Flash Wolves","LMS"
"2734","SK Telecom T1","LCK"
"2735","Flash Wolves","LMS"
"2736","Team SoloMid","NA"
"2737","Samsung Galaxy","LCK"
"2738","Royal Never Give Up","LPL"
"2739","Splyce","EU"
"2740","Royal Never Give Up","LPL"
"2741","Team SoloMid","NA"
"2742","EDward Gaming","LPL"
"2743","EDward Gaming","LPL"
"2744","H2k-Gaming","EU"
"2745","ahq e-Sports Club","LMS"
"2746","EDward Gaming","LPL"
"2747","H2k-Gaming","EU"
"2748","INTZ e-Sports","CBLOL"
"2749","Albus NoX Luna","LCL"
"2750","Counter Logic Gaming","NA"
"2751","Albus NoX Luna","LCL"
"2752","ROX Tigers","LCK"
"2753","G2 Esports","EU"
"2754","Counter Logic Gaming","NA"
"2755","ROX Tigers","LCK"
"2756","I May","LPL"
"2757","Flash Wolves","LMS"
"2758","ROX Tigers","LCK"
"2759","G2 Esports","EU"
"2760","H2k-Gaming","EU"
"2761","INTZ e-Sports","CBLOL"
"2762","Samsung Galaxy","LCK"
"2763","Team SoloMid","NA"
"2764","SK Telecom T1","LCK"
"2765","Cloud9","NA"
"2766","G2 Esports","EU"
"2767","Albus NoX Luna","LCL"
"2768","ahq e-Sports Club","LMS"
"2769","INTZ e-Sports","CBLOL"
"2770","Splyce","EU"
"2771","Samsung Galaxy","LCK"
"2772","I May","LPL"
"2773","Cloud9","NA"
"2774","Royal Never Give Up","LPL"
"2775","Splyce","EU"
"2776","EDward Gaming","LPL"
"2777","ahq e-Sports Club","LMS"
"2778","Albus NoX Luna","LCL"
"2779","Counter Logic Gaming","NA"
