1,Team Impulse,NA
2,Team SoloMid,NA
3,Counter Logic Gaming,NA
4,Team Impulse,NA
5,Team Liquid,NA
6,Renegades,NA
7,Cloud9,NA
8,Team Dignitas,NA
9,Immortals,NA
10,Counter Logic Gaming,NA
11,Team Impulse,NA
12,Echo Fox,NA
13,Team Dignitas,NA
14,Team SoloMid,NA
15,NRG Esports,NA
16,Cloud9,NA
17,Echo Fox,NA
18,Team SoloMid,NA
19,Counter Logic Gaming,NA
20,Immortals,NA
21,Renegades,NA
22,Immortals,NA
23,Renegades,NA
24,Team Liquid,NA
25,Cloud9,NA
26,Team Impulse,NA
27,Cloud9,NA
28,NRG Esports,NA
29,Immortals,NA
30,Echo Fox,NA
31,Team Impulse,NA
32,Team Liquid,NA
33,Team Impulse,NA
34,NRG Esports,NA
35,Team Dignitas,NA
36,Renegades,NA
37,Team Liquid,NA
38,Counter Logic Gaming,NA
39,Team SoloMid,NA
40,Renegades,NA
41,NRG Esports,NA
42,Team Dignitas,NA
43,Team Liquid,NA
44,Immortals,NA
45,Counter Logic Gaming,NA
46,Echo Fox,NA
47,Immortals,NA
48,Team Impulse,NA
49,Cloud9,NA
50,NRG Esports,NA
51,Echo Fox,NA
52,Team Dignitas,NA
53,Team Impulse,NA
54,Renegades,NA
55,Cloud9,NA
56,Immortals,NA
57,NRG Esports,NA
58,Team SoloMid,NA
59,Counter Logic Gaming,NA
60,Cloud9,NA
61,Team Liquid,NA
62,Counter Logic Gaming,NA
63,Echo Fox,NA
64,Team Dignitas,NA
65,NRG Esports,NA
66,Team Liquid,NA
67,Immortals,NA
68,Counter Logic Gaming,NA
69,Team Liquid,NA
70,Cloud9,NA
71,Team Impulse,NA
72,Renegades,NA
73,Echo Fox,NA
74,Counter Logic Gaming,NA
75,NRG Esports,NA
76,Team SoloMid,NA
77,Team Dignitas,NA
78,Team Liquid,NA
79,Team SoloMid,NA
80,Team Impulse,NA
81,Immortals,NA
82,Echo Fox,NA
83,Team SoloMid,NA
84,Team Dignitas,NA
85,Renegades,NA
86,Echo Fox,NA
87,Renegades,NA
88,Team Dignitas,NA
89,Cloud9,NA
90,Team SoloMid,NA
91,Echo Fox,NA
92,Cloud9,NA
93,Team EnVyUs,NA
94,Team Liquid,NA
95,Counter Logic Gaming,NA
96,Team SoloMid,NA
97,Apex Gaming,NA
98,NRG Esports,NA
99,Counter Logic Gaming,NA
100,Team SoloMid,NA
101,Phoenix1,NA
102,Echo Fox,NA
103,Immortals,NA
104,Cloud9,NA
105,Phoenix1,NA
106,Counter Logic Gaming,NA
107,Apex Gaming,NA
108,Team Liquid,NA
109,NRG Esports,NA
110,Counter Logic Gaming,NA
111,Apex Gaming,NA
112,Phoenix1,NA
113,Team EnVyUs,NA
114,Phoenix1,NA
115,Team SoloMid,NA
116,Immortals,NA
117,Phoenix1,NA
118,Counter Logic Gaming,NA
119,Echo Fox,NA
120,Cloud9,NA
121,Team EnVyUs,NA
122,Team Liquid,NA
123,NRG Esports,NA
124,Team SoloMid,NA
125,Team SoloMid,NA
126,Phoenix1,NA
127,Immortals,NA
128,Team SoloMid,NA
129,Apex Gaming,NA
130,Counter Logic Gaming,NA
131,Cloud9,NA
132,Team Liquid,NA
133,Counter Logic Gaming,NA
134,Team EnVyUs,NA
135,Echo Fox,NA
136,Apex Gaming,NA
137,Echo Fox,NA
138,NRG Esports,NA
139,Immortals,NA
140,Team EnVyUs,NA
141,Team SoloMid,NA
142,Apex Gaming,NA
143,Team Liquid,NA
144,Cloud9,NA
145,Team EnVyUs,NA
146,Counter Logic Gaming,NA
147,Echo Fox,NA
148,Immortals,NA
149,Cloud9,NA
150,Cloud9,NA
151,Team Liquid,NA
152,Apex Gaming,NA
153,Phoenix1,NA
154,Cloud9,NA
155,Team SoloMid,NA
156,Team EnVyUs,NA
157,Echo Fox,NA
158,NRG Esports,NA
159,Phoenix1,NA
160,NRG Esports,NA
161,Phoenix1,NA
162,Immortals,NA
163,Counter Logic Gaming,NA
164,Immortals,NA
165,Team Liquid,NA
166,Counter Logic Gaming,NA
167,Echo Fox,NA
168,Phoenix1,NA
169,Team Liquid,NA
170,Counter Logic Gaming,NA
171,Cloud9,NA
172,Team SoloMid,NA
173,NRG Esports,NA
174,Apex Gaming,NA
175,Team Liquid,NA
176,Counter Logic Gaming,NA
177,Immortals,NA
178,Team EnVyUs,NA
179,Team Liquid,NA
180,Phoenix1,NA
181,Apex Gaming,NA
182,Echo Fox,NA
183,NRG Esports,NA
184,Phoenix1,NA
185,Immortals,NA
186,Team EnVyUs,NA
187,Cloud9,NA
188,Team SoloMid,NA
189,Apex Gaming,NA
190,Cloud9,NA
191,Phoenix1,NA
192,Immortals,NA
193,Apex Gaming,NA
194,NRG Esports,NA
195,Team SoloMid,NA
196,Echo Fox,NA
197,Counter Logic Gaming,NA
198,Team EnVyUs,NA
199,Apex Gaming,NA
200,Immortals,NA
201,Team Liquid,NA
202,Team SoloMid,NA
203,Counter Logic Gaming,NA
204,NRG Esports,NA
205,Phoenix1,NA
206,Echo Fox,NA
207,Team EnVyUs,NA
208,Echo Fox,NA
209,Cloud9,NA
210,Team Liquid,NA
211,Cloud9,NA
212,Echo Fox,NA
213,Counter Logic Gaming,NA
214,Apex Gaming,NA
215,Phoenix1,NA
216,Team SoloMid,NA
217,NRG Esports,NA
218,Cloud9,NA
219,Team EnVyUs,NA
220,NRG Esports,NA
221,Phoenix1,NA
222,NRG Esports,NA
223,Team Liquid,NA
224,Team SoloMid,NA
225,Immortals,NA
226,Echo Fox,NA
227,Team EnVyUs,NA
228,Cloud9,NA
229,Team SoloMid,NA
230,Apex Gaming,NA
231,Team Liquid,NA
232,Counter Logic Gaming,NA
233,Immortals,NA
234,Counter Logic Gaming,NA
235,Counter Logic Gaming,NA
236,Team EnVyUs,NA
237,Counter Logic Gaming,NA
238,Immortals,NA
239,Apex Gaming,NA
240,Echo Fox,NA
241,Cloud9,NA
242,Team SoloMid,NA
243,NRG Esports,NA
244,Apex Gaming,NA
245,Team Liquid,NA
246,Phoenix1,NA
247,NRG Esports,NA
248,Apex Gaming,NA
249,Team Liquid,NA
250,Phoenix1,NA
251,Team EnVyUs,NA
252,Echo Fox,NA
253,Counter Logic Gaming,NA
254,Immortals,NA
255,Phoenix1,NA
256,Team Liquid,NA
257,Cloud9,NA
258,Team SoloMid,NA
259,Cloud9,NA
260,Team Liquid,NA
261,Cloud9,NA
262,Echo Fox,NA
263,Counter Logic Gaming,NA
264,Team SoloMid,NA
265,Phoenix1,NA
266,Immortals,NA
267,Team EnVyUs,NA
268,Team SoloMid,NA
269,Phoenix1,NA
270,Cloud9,NA
271,Apex Gaming,NA
272,Phoenix1,NA
273,Team SoloMid,NA
274,Team Liquid,NA
275,Echo Fox,NA
276,Counter Logic Gaming,NA
277,Team Liquid,NA
278,NRG Esports,NA
279,Apex Gaming,NA
280,Team EnVyUs,NA
281,Apex Gaming,NA
282,NRG Esports,NA
283,Immortals,NA
284,NRG Esports,NA
285,Echo Fox,NA
286,Cloud9,NA
287,Echo Fox,NA
288,Phoenix1,NA
289,Apex Gaming,NA
290,Immortals,NA
291,Counter Logic Gaming,NA
292,Team Liquid,NA
293,Apex Gaming,NA
294,Team SoloMid,NA
295,Team Liquid,NA
296,NRG Esports,NA
297,Team EnVyUs,NA
298,Apex Gaming,NA
299,Cloud9,NA
300,Phoenix1,NA
301,Immortals,NA
302,Echo Fox,NA
303,Cloud9,NA
304,Team EnVyUs,NA
305,NRG Esports,NA
306,Team EnVyUs,NA
307,Counter Logic Gaming,NA
308,Team SoloMid,NA
309,G2 Esports,EU
310,Giants Gaming,EU
311,Origen,EU
312,Team Vitality,EU
313,H2k-Gaming,EU
314,Splyce,EU
315,Team ROCCAT,EU
316,H2k-Gaming,EU
317,Elements,EU
318,Giants Gaming,EU
319,Team ROCCAT,EU
320,Splyce,EU
321,Fnatic,EU
322,Elements,EU
323,G2 Esports,EU
324,Elements,EU
325,Team Vitality,EU
326,Unicorns Of Love,EU
327,H2k-Gaming,EU
328,Fnatic,EU
329,Team Vitality,EU
330,Fnatic,EU
331,Unicorns Of Love,EU
332,Giants Gaming,EU
333,Origen,EU
334,Unicorns Of Love,EU
335,Splyce,EU
336,H2k-Gaming,EU
337,Giants Gaming,EU
338,G2 Esports,EU
339,Team ROCCAT,EU
340,Splyce,EU
341,Origen,EU
342,Team Vitality,EU
343,Giants Gaming,EU
344,Team Vitality,EU
345,Fnatic,EU
346,Unicorns Of Love,EU
347,Team ROCCAT,EU
348,Elements,EU
349,Splyce,EU
350,Elements,EU
351,H2k-Gaming,EU
352,Unicorns Of Love,EU
353,Origen,EU
354,Team ROCCAT,EU
355,G2 Esports,EU
356,Origen,EU
357,Fnatic,EU
358,Unicorns Of Love,EU
359,Team ROCCAT,EU
360,Origen,EU
361,Unicorns Of Love,EU
362,Elements,EU
363,G2 Esports,EU
364,H2k-Gaming,EU
365,Team ROCCAT,EU
366,G2 Esports,EU
367,Giants Gaming,EU
368,Elements,EU
369,Team ROCCAT,EU
370,Fnatic,EU
371,Unicorns Of Love,EU
372,Team Vitality,EU
373,Origen,EU
374,H2k-Gaming,EU
375,Unicorns Of Love,EU
376,G2 Esports,EU
377,Origen,EU
378,Giants Gaming,EU
379,G2 Esports,EU
380,Splyce,EU
381,Fnatic,EU
382,Elements,EU
383,Team Vitality,EU
384,Fnatic,EU
385,Splyce,EU
386,Origen,EU
387,Team ROCCAT,EU
388,Giants Gaming,EU
389,G2 Esports,EU
390,H2k-Gaming,EU
391,Team Vitality,EU
392,Splyce,EU
393,Giants Gaming,EU
394,Team Vitality,EU
395,Splyce,EU
396,H2k-Gaming,EU
397,Elements,EU
398,Fnatic,EU
399,H2k-Gaming,EU
400,Fnatic,EU
401,Team Vitality,EU
402,G2 Esports,EU
403,H2k-Gaming,EU
404,Splyce,EU
405,Unicorns Of Love,EU
406,Origen,EU
407,Team ROCCAT,EU
408,Team Vitality,EU
409,FC Schalke 04,EU
410,Giants Gaming,EU
411,H2k-Gaming,EU
412,Unicorns Of Love,EU
413,Giants Gaming,EU
414,Splyce,EU
415,FC Schalke 04,EU
416,Origen,EU
417,Team ROCCAT,EU
418,Team Vitality,EU
419,Fnatic,EU
420,G2 Esports,EU
421,Fnatic,EU
422,Origen,EU
423,Team ROCCAT,EU
424,FC Schalke 04,EU
425,Unicorns Of Love,EU
426,G2 Esports,EU
427,Team Vitality,EU
428,Splyce,EU
429,Giants Gaming,EU
430,H2k-Gaming,EU
431,Team ROCCAT,EU
432,FC Schalke 04,EU
433,Giants Gaming,EU
434,Unicorns Of Love,EU
435,Origen,EU
436,G2 Esports,EU
437,Splyce,EU
438,Team Vitality,EU
439,H2k-Gaming,EU
440,Fnatic,EU
441,Team ROCCAT,EU
442,Origen,EU
443,H2k-Gaming,EU
444,Fnatic,EU
445,G2 Esports,EU
446,FC Schalke 04,EU
447,Splyce,EU
448,Team Vitality,EU
449,Unicorns Of Love,EU
450,Giants Gaming,EU
451,H2k-Gaming,EU
452,Fnatic,EU
453,FC Schalke 04,EU
454,Team Vitality,EU
455,Origen,EU
456,Team ROCCAT,EU
457,Splyce,EU
458,Giants Gaming,EU
459,Unicorns Of Love,EU
460,G2 Esports,EU
461,Splyce,EU
462,FC Schalke 04,EU
463,H2k-Gaming,EU
464,Team ROCCAT,EU
465,Giants Gaming,EU
466,G2 Esports,EU
467,Fnatic,EU
468,Team Vitality,EU
469,Origen,EU
470,Unicorns Of Love,EU
471,H2k-Gaming,EU
472,FC Schalke 04,EU
473,Giants Gaming,EU
474,Splyce,EU
475,G2 Esports,EU
476,Team ROCCAT,EU
477,Team Vitality,EU
478,Unicorns Of Love,EU
479,Fnatic,EU
480,Origen,EU
481,Fnatic,EU
482,Giants Gaming,EU
483,Origen,EU
484,Splyce,EU
485,Team Vitality,EU
486,G2 Esports,EU
487,H2k-Gaming,EU
488,FC Schalke 04,EU
489,Unicorns Of Love,EU
490,Team ROCCAT,EU
491,G2 Esports,EU
492,Fnatic,EU
493,Origen,EU
494,FC Schalke 04,EU
495,H2k-Gaming,EU
496,Team Vitality,EU
497,Giants Gaming,EU
498,Unicorns Of Love,EU
499,Team ROCCAT,EU
500,Splyce,EU
501,Origen,EU
502,Splyce,EU
503,Unicorns Of Love,EU
504,G2 Esports,EU
505,H2k-Gaming,EU
506,Team Vitality,EU
507,Fnatic,EU
508,FC Schalke 04,EU
509,Giants Gaming,EU
510,Team ROCCAT,EU
511,H2k-Gaming,EU
512,Splyce,EU
513,Origen,EU
514,Unicorns Of Love,EU
515,Fnatic,EU
516,Team ROCCAT,EU
517,G2 Esports,EU
518,Giants Gaming,EU
519,Team Vitality,EU
520,FC Schalke 04,EU
521,Origen,EU
522,Giants Gaming,EU
523,H2k-Gaming,EU
524,Fnatic,EU
525,Team Vitality,EU
526,Splyce,EU
527,FC Schalke 04,EU
528,G2 Esports,EU
529,Unicorns Of Love,EU
530,Team ROCCAT,EU
531,Giants Gaming,EU
532,Splyce,EU
533,G2 Esports,EU
534,Unicorns Of Love,EU
535,H2k-Gaming,EU
536,Team Vitality,EU
537,FC Schalke 04,EU
538,Origen,EU
539,Fnatic,EU
540,Team ROCCAT,EU
541,Origen,EU
542,FC Schalke 04,EU
543,Unicorns Of Love,EU
544,Fnatic,EU
545,Giants Gaming,EU
546,H2k-Gaming,EU
547,Team ROCCAT,EU
548,G2 Esports,EU
549,Splyce,EU
550,Team Vitality,EU
551,FC Schalke 04,EU
552,Splyce,EU
553,G2 Esports,EU
554,Unicorns Of Love,EU
555,Team ROCCAT,EU
556,Fnatic,EU
557,Origen,EU
558,Giants Gaming,EU
559,H2k-Gaming,EU
560,Team Vitality,EU
561,FC Schalke 04,EU
562,H2k-Gaming,EU
563,Fnatic,EU
564,G2 Esports,EU
565,Giants Gaming,EU
566,Team Vitality,EU
567,Team ROCCAT,EU
568,Origen,EU
569,Splyce,EU
570,Unicorns Of Love,EU
571,Giants Gaming,EU
572,Fnatic,EU
573,Unicorns Of Love,EU
574,Team Vitality,EU
575,FC Schalke 04,EU
576,Splyce,EU
577,G2 Esports,EU
578,Team ROCCAT,EU
579,H2k-Gaming,EU
580,Origen,EU
581,Masters 3,LPL
582,Energy Pacemaker.All,LPL
583,Snake Esports,LPL
584,LGD Gaming,LPL
585,Snake Esports,LPL
586,Team WE,LPL
587,Qiao Gu Reapers,LPL
588,Team WE,LPL
589,Vici Gaming,LPL
590,Hyper Youth Gaming,LPL
591,EDward Gaming,LPL
592,Oh My God,LPL
593,Royal Never Give Up,LPL
594,Invictus Gaming,LPL
595,Royal Never Give Up,LPL
596,LGD Gaming,LPL
597,Masters 3,LPL
598,Team WE,LPL
599,Snake Esports,LPL
600,Team WE,LPL
601,Oh My God,LPL
602,Vici Gaming,LPL
603,Oh My God,LPL
604,Royal Never Give Up,LPL
605,Hyper Youth Gaming,LPL
606,Oh My God,LPL
607,Royal Never Give Up,LPL
608,Invictus Gaming,LPL
609,Hyper Youth Gaming,LPL
610,EDward Gaming,LPL
611,Vici Gaming,LPL
612,LGD Gaming,LPL
613,Team WE,LPL
614,Energy Pacemaker.All,LPL
615,Snake Esports,LPL
616,Energy Pacemaker.All,LPL
617,Masters 3,LPL
618,Qiao Gu Reapers,LPL
619,Masters 3,LPL
620,Oh My God,LPL
621,Invictus Gaming,LPL
622,Oh My God,LPL
623,Royal Never Give Up,LPL
624,EDward Gaming,LPL
625,Royal Never Give Up,LPL
626,Snake Esports,LPL
627,Masters 3,LPL
628,Energy Pacemaker.All,LPL
629,Qiao Gu Reapers,LPL
630,Energy Pacemaker.All,LPL
631,Masters 3,LPL
632,Team WE,LPL
633,Qiao Gu Reapers,LPL
634,Snake Esports,LPL
635,Energy Pacemaker.All,LPL
636,LGD Gaming,LPL
637,Energy Pacemaker.All,LPL
638,Royal Never Give Up,LPL
639,Vici Gaming,LPL
640,Royal Never Give Up,LPL
641,Oh My God,LPL
642,Hyper Youth Gaming,LPL
643,EDward Gaming,LPL
644,Invictus Gaming,LPL
645,Energy Pacemaker.All,LPL
646,Team WE,LPL
647,Energy Pacemaker.All,LPL
648,LGD Gaming,LPL
649,Qiao Gu Reapers,LPL
650,Vici Gaming,LPL
651,Invictus Gaming,LPL
652,Vici Gaming,LPL
653,EDward Gaming,LPL
654,Hyper Youth Gaming,LPL
655,Vici Gaming,LPL
656,Snake Esports,LPL
657,Vici Gaming,LPL
658,Energy Pacemaker.All,LPL
659,EDward Gaming,LPL
660,Team WE,LPL
661,Oh My God,LPL
662,Team WE,LPL
663,Royal Never Give Up,LPL
664,Masters 3,LPL
665,Royal Never Give Up,LPL
666,Invictus Gaming,LPL
667,Qiao Gu Reapers,LPL
668,Invictus Gaming,LPL
669,LGD Gaming,LPL
670,Hyper Youth Gaming,LPL
671,Energy Pacemaker.All,LPL
672,Vici Gaming,LPL
673,Masters 3,LPL
674,EDward Gaming,LPL
675,Royal Never Give Up,LPL
676,Snake Esports,LPL
677,Invictus Gaming,LPL
678,Masters 3,LPL
679,Invictus Gaming,LPL
680,Team WE,LPL
681,Hyper Youth Gaming,LPL
682,Qiao Gu Reapers,LPL
683,EDward Gaming,LPL
684,Vici Gaming,LPL
685,LGD Gaming,LPL
686,Oh My God,LPL
687,Snake Esports,LPL
688,Oh My God,LPL
689,Invictus Gaming,LPL
690,Team WE,LPL
691,Energy Pacemaker.All,LPL
692,Royal Never Give Up,LPL
693,Oh My God,LPL
694,LGD Gaming,LPL
695,Oh My God,LPL
696,Qiao Gu Reapers,LPL
697,Hyper Youth Gaming,LPL
698,Oh My God,LPL
699,Energy Pacemaker.All,LPL
700,Oh My God,LPL
701,Invictus Gaming,LPL
702,LGD Gaming,LPL
703,EDward Gaming,LPL
704,Snake Esports,LPL
705,EDward Gaming,LPL
706,Vici Gaming,LPL
707,Team WE,LPL
708,Masters 3,LPL
709,Hyper Youth Gaming,LPL
710,Qiao Gu Reapers,LPL
711,Royal Never Give Up,LPL
712,Energy Pacemaker.All,LPL
713,Invictus Gaming,LPL
714,Snake Esports,LPL
715,Hyper Youth Gaming,LPL
716,Team WE,LPL
717,EDward Gaming,LPL
718,Team WE,LPL
719,Vici Gaming,LPL
720,Qiao Gu Reapers,LPL
721,Vici Gaming,LPL
722,Masters 3,LPL
723,Oh My God,LPL
724,Invictus Gaming,LPL
725,Royal Never Give Up,LPL
726,LGD Gaming,LPL
727,Invictus Gaming,LPL
728,Snake Esports,LPL
729,Energy Pacemaker.All,LPL
730,Hyper Youth Gaming,LPL
731,Qiao Gu Reapers,LPL
732,Oh My God,LPL
733,Vici Gaming,LPL
734,Masters 3,LPL
735,Vici Gaming,LPL
736,Team WE,LPL
737,Royal Never Give Up,LPL
738,EDward Gaming,LPL
739,LGD Gaming,LPL
740,Snake Esports,LPL
741,Qiao Gu Reapers,LPL
742,Energy Pacemaker.All,LPL
743,LGD Gaming,LPL
744,Team WE,LPL
745,Masters 3,LPL
746,Hyper Youth Gaming,LPL
747,Vici Gaming,LPL
748,Oh My God,LPL
749,EDward Gaming,LPL
750,Invictus Gaming,LPL
751,Royal Never Give Up,LPL
752,Invictus Gaming,LPL
753,Snake Esports,LPL
754,Team WE,LPL
755,Snake Esports,LPL
756,Masters 3,LPL
757,LGD Gaming,LPL
758,Hyper Youth Gaming,LPL
759,EDward Gaming,LPL
760,Invictus Gaming,LPL
761,Vici Gaming,LPL
762,Invictus Gaming,LPL
763,Oh My God,LPL
764,Invictus Gaming,LPL
765,Hyper Youth Gaming,LPL
766,Royal Never Give Up,LPL
767,Vici Gaming,LPL
768,EDward Gaming,LPL
769,Team WE,LPL
770,LGD Gaming,LPL
771,Masters 3,LPL
772,Qiao Gu Reapers,LPL
773,Snake Esports,LPL
774,Energy Pacemaker.All,LPL
775,Snake Esports,LPL
776,Hyper Youth Gaming,LPL
777,Invictus Gaming,LPL
778,Royal Never Give Up,LPL
779,Oh My God,LPL
780,Energy Pacemaker.All,LPL
781,Qiao Gu Reapers,LPL
782,Masters 3,LPL
783,Snake Esports,LPL
784,LGD Gaming,LPL
785,Snake Esports,LPL
786,LGD Gaming,LPL
787,Energy Pacemaker.All,LPL
788,Masters 3,LPL
789,Team WE,LPL
790,Qiao Gu Reapers,LPL
791,Oh My God,LPL
792,Hyper Youth Gaming,LPL
793,EDward Gaming,LPL
794,Oh My God,LPL
795,Vici Gaming,LPL
796,Royal Never Give Up,LPL
797,Vici Gaming,LPL
798,Qiao Gu Reapers,LPL
799,LGD Gaming,LPL
800,Team WE,LPL
801,Energy Pacemaker.All,LPL
802,Team WE,LPL
803,Oh My God,LPL
804,Vici Gaming,LPL
805,Royal Never Give Up,LPL
806,EDward Gaming,LPL
807,Invictus Gaming,LPL
808,Newbee,LPL
809,Invictus Gaming,LPL
810,EDward Gaming,LPL
811,Snake Esports,LPL
812,Saint Gaming,LPL
813,Game Talents,LPL
814,Saint Gaming,LPL
815,Royal Never Give Up,LPL
816,I May,LPL
817,LGD Gaming,LPL
818,Oh My God,LPL
819,Team WE,LPL
820,Vici Gaming,LPL
821,EDward Gaming,LPL
822,Invictus Gaming,LPL
823,Saint Gaming,LPL
824,Snake Esports,LPL
825,Saint Gaming,LPL
826,Oh My God,LPL
827,Vici Gaming,LPL
828,Oh My God,LPL
829,LGD Gaming,LPL
830,Royal Never Give Up,LPL
831,LGD Gaming,LPL
832,Oh My God,LPL
833,Royal Never Give Up,LPL
834,Oh My God,LPL
835,Vici Gaming,LPL
836,I May,LPL
837,LGD Gaming,LPL
838,Team WE,LPL
839,LGD Gaming,LPL
840,Newbee,LPL
841,Snake Esports,LPL
842,Invictus Gaming,LPL
843,Game Talents,LPL
844,EDward Gaming,LPL
845,Saint Gaming,LPL
846,Vici Gaming,LPL
847,LGD Gaming,LPL
848,I May,LPL
849,Team WE,LPL
850,I May,LPL
851,Newbee,LPL
852,Game Talents,LPL
853,Saint Gaming,LPL
854,Invictus Gaming,LPL
855,Saint Gaming,LPL
856,Invictus Gaming,LPL
857,Snake Esports,LPL
858,Invictus Gaming,LPL
859,Saint Gaming,LPL
860,Newbee,LPL
861,Saint Gaming,LPL
862,EDward Gaming,LPL
863,Game Talents,LPL
864,Vici Gaming,LPL
865,Royal Never Give Up,LPL
866,Vici Gaming,LPL
867,Oh My God,LPL
868,Team WE,LPL
869,Oh My God,LPL
870,LGD Gaming,LPL
871,I May,LPL
872,Game Talents,LPL
873,Snake Esports,LPL
874,Game Talents,LPL
875,EDward Gaming,LPL
876,Newbee,LPL
877,Team WE,LPL
878,Royal Never Give Up,LPL
879,Team WE,LPL
880,I May,LPL
881,Oh My God,LPL
882,I May,LPL
883,Snake Esports,LPL
884,Vici Gaming,LPL
885,Snake Esports,LPL
886,I May,LPL
887,EDward Gaming,LPL
888,LGD Gaming,LPL
889,Invictus Gaming,LPL
890,Oh My God,LPL
891,Game Talents,LPL
892,Royal Never Give Up,LPL
893,Saint Gaming,LPL
894,Team WE,LPL
895,Newbee,LPL
896,I May,LPL
897,Snake Esports,LPL
898,EDward Gaming,LPL
899,LGD Gaming,LPL
900,EDward Gaming,LPL
901,Invictus Gaming,LPL
902,Vici Gaming,LPL
903,Oh My God,LPL
904,Saint Gaming,LPL
905,Newbee,LPL
906,LGD Gaming,LPL
907,Newbee,LPL
908,Team WE,LPL
909,EDward Gaming,LPL
910,Snake Esports,LPL
911,Royal Never Give Up,LPL
912,Vici Gaming,LPL
913,Game Talents,LPL
914,Newbee,LPL
915,Oh My God,LPL
916,Invictus Gaming,LPL
917,I May,LPL
918,Invictus Gaming,LPL
919,Game Talents,LPL
920,Royal Never Give Up,LPL
921,Game Talents,LPL
922,Saint Gaming,LPL
923,Team WE,LPL
924,Newbee,LPL
925,Royal Never Give Up,LPL
926,Newbee,LPL
927,I May,LPL
928,Game Talents,LPL
929,Saint Gaming,LPL
930,LGD Gaming,LPL
931,Vici Gaming,LPL
932,EDward Gaming,LPL
933,Oh My God,LPL
934,Snake Esports,LPL
935,Invictus Gaming,LPL
936,Team WE,LPL
937,Invictus Gaming,LPL
938,I May,LPL
939,Newbee,LPL
940,EDward Gaming,LPL
941,Oh My God,LPL
942,EDward Gaming,LPL
943,Vici Gaming,LPL
944,Saint Gaming,LPL
945,Vici Gaming,LPL
946,Team WE,LPL
947,Snake Esports,LPL
948,Team WE,LPL
949,LGD Gaming,LPL
950,Game Talents,LPL
951,I May,LPL
952,Saint Gaming,LPL
953,Royal Never Give Up,LPL
954,Invictus Gaming,LPL
955,Vici Gaming,LPL
956,Newbee,LPL
957,Snake Esports,LPL
958,LGD Gaming,LPL
959,Game Talents,LPL
960,Team WE,LPL
961,Game Talents,LPL
962,Invictus Gaming,LPL
963,Oh My God,LPL
964,Invictus Gaming,LPL
965,EDward Gaming,LPL
966,Royal Never Give Up,LPL
967,EDward Gaming,LPL
968,LGD Gaming,LPL
969,Oh My God,LPL
970,LGD Gaming,LPL
971,I May,LPL
972,Royal Never Give Up,LPL
973,Vici Gaming,LPL
974,Team WE,LPL
975,Game Talents,LPL
976,EDward Gaming,LPL
977,Newbee,LPL
978,Saint Gaming,LPL
979,Newbee,LPL
980,Invictus Gaming,LPL
981,Snake Esports,LPL
982,Oh My God,LPL
983,Vici Gaming,LPL
984,LGD Gaming,LPL
985,Royal Never Give Up,LPL
986,EDward Gaming,LPL
987,Invictus Gaming,LPL
988,EDward Gaming,LPL
989,Saint Gaming,LPL
990,Snake Esports,LPL
991,Team WE,LPL
992,LGD Gaming,LPL
993,Snake Esports,LPL
994,Team WE,LPL
995,Newbee,LPL
996,Game Talents,LPL
997,Invictus Gaming,LPL
998,Saint Gaming,LPL
999,EDward Gaming,LPL
1000,Vici Gaming,LPL
1001,I May,LPL
1002,Vici Gaming,LPL
1003,Oh My God,LPL
1004,Royal Never Give Up,LPL
1005,Invictus Gaming,LPL
1006,Saint Gaming,LPL
1007,Invictus Gaming,LPL
1008,Game Talents,LPL
1009,Newbee,LPL
1010,Team WE,LPL
1011,I May,LPL
1012,Team WE,LPL
1013,LGD Gaming,LPL
1014,Vici Gaming,LPL
1015,Oh My God,LPL
1016,Team WE,LPL
1017,Vici Gaming,LPL
1018,Royal Never Give Up,LPL
1019,I May,LPL
1020,LGD Gaming,LPL
1021,Newbee,LPL
1022,Invictus Gaming,LPL
1023,Newbee,LPL
1024,Saint Gaming,LPL
1025,Game Talents,LPL
1026,Snake Esports,LPL
1027,EDward Gaming,LPL
1028,I May,LPL
1029,Oh My God,LPL
1030,Royal Never Give Up,LPL
1031,Team WE,LPL
1032,Royal Never Give Up,LPL
1033,Snake Esports,LPL
1034,Game Talents,LPL
1035,Snake Esports,LPL
1036,EDward Gaming,LPL
1037,Newbee,LPL
1038,EDward Gaming,LPL
1039,Jin Air Green Wings,LCK
1040,Longzhu Gaming,LCK
1041,Jin Air Green Wings,LCK
1042,KT Rolster,LCK
1043,Kongdoo Monster,LCK
1044,KT Rolster,LCK
1045,SBENU Sonicboom,LCK
1046,SK Telecom T1,LCK
1047,CJ Entus,LCK
1048,Afreeca Freecs,LCK
1049,Kongdoo Monster,LCK
1050,Samsung Galaxy,LCK
1051,Kongdoo Monster,LCK
1052,Jin Air Green Wings,LCK
1053,ROX Tigers,LCK
1054,SK Telecom T1,LCK
1055,KT Rolster,LCK
1056,Afreeca Freecs,LCK
1057,Longzhu Gaming,LCK
1058,Afreeca Freecs,LCK
1059,Afreeca Freecs,LCK
1060,ROX Tigers,LCK
1061,SK Telecom T1,LCK
1062,Samsung Galaxy,LCK
1063,SK Telecom T1,LCK
1064,KT Rolster,LCK
1065,CJ Entus,LCK
1066,Longzhu Gaming,LCK
1067,SBENU Sonicboom,LCK
1068,SK Telecom T1,LCK
1069,Kongdoo Monster,LCK
1070,Afreeca Freecs,LCK
1071,Jin Air Green Wings,LCK
1072,Samsung Galaxy,LCK
1073,Longzhu Gaming,LCK
1074,ROX Tigers,LCK
1075,KT Rolster,LCK
1076,ROX Tigers,LCK
1077,SBENU Sonicboom,LCK
1078,Afreeca Freecs,LCK
1079,SBENU Sonicboom,LCK
1080,CJ Entus,LCK
1081,SK Telecom T1,LCK
1082,Samsung Galaxy,LCK
1083,Jin Air Green Wings,LCK
1084,Samsung Galaxy,LCK
1085,ROX Tigers,LCK
1086,Kongdoo Monster,LCK
1087,SK Telecom T1,LCK
1088,Longzhu Gaming,LCK
1089,KT Rolster,LCK
1090,Afreeca Freecs,LCK
1091,KT Rolster,LCK
1092,ROX Tigers,LCK
1093,CJ Entus,LCK
1094,SBENU Sonicboom,LCK
1095,Samsung Galaxy,LCK
1096,CJ Entus,LCK
1097,Jin Air Green Wings,LCK
1098,CJ Entus,LCK
1099,SBENU Sonicboom,LCK
1100,Kongdoo Monster,LCK
1101,Samsung Galaxy,LCK
1102,Afreeca Freecs,LCK
1103,Samsung Galaxy,LCK
1104,ROX Tigers,LCK
1105,SK Telecom T1,LCK
1106,KT Rolster,LCK
1107,SBENU Sonicboom,LCK
1108,Longzhu Gaming,LCK
1109,CJ Entus,LCK
1110,Longzhu Gaming,LCK
1111,Afreeca Freecs,LCK
1112,Kongdoo Monster,LCK
1113,Afreeca Freecs,LCK
1114,Jin Air Green Wings,LCK
1115,SK Telecom T1,LCK
1116,Samsung Galaxy,LCK
1117,ROX Tigers,LCK
1118,Samsung Galaxy,LCK
1119,Longzhu Gaming,LCK
1120,KT Rolster,LCK
1121,Kongdoo Monster,LCK
1122,Jin Air Green Wings,LCK
1123,Afreeca Freecs,LCK
1124,SK Telecom T1,LCK
1125,Afreeca Freecs,LCK
1126,ROX Tigers,LCK
1127,SBENU Sonicboom,LCK
1128,Samsung Galaxy,LCK
1129,CJ Entus,LCK
1130,KT Rolster,LCK
1131,Jin Air Green Wings,LCK
1132,Kongdoo Monster,LCK
1133,Longzhu Gaming,LCK
1134,CJ Entus,LCK
1135,SBENU Sonicboom,LCK
1136,CJ Entus,LCK
1137,Longzhu Gaming,LCK
1138,ROX Tigers,LCK
1139,KT Rolster,LCK
1140,Samsung Galaxy,LCK
1141,Kongdoo Monster,LCK
1142,CJ Entus,LCK
1143,Kongdoo Monster,LCK
1144,Jin Air Green Wings,LCK
1145,SBENU Sonicboom,LCK
1146,CJ Entus,LCK
1147,Kongdoo Monster,LCK
1148,CJ Entus,LCK
1149,Longzhu Gaming,LCK
1150,KT Rolster,LCK
1151,Longzhu Gaming,LCK
1152,SBENU Sonicboom,LCK
1153,ROX Tigers,LCK
1154,Samsung Galaxy,LCK
1155,SBENU Sonicboom,LCK
1156,SK Telecom T1,LCK
1157,Afreeca Freecs,LCK
1158,SK Telecom T1,LCK
1159,ROX Tigers,LCK
1160,Jin Air Green Wings,LCK
1161,KT Rolster,LCK
1162,CJ Entus,LCK
1163,KT Rolster,LCK
1164,Afreeca Freecs,LCK
1165,e-mFire,LCK
1166,Longzhu Gaming,LCK
1167,SK Telecom T1,LCK
1168,Samsung Galaxy,LCK
1169,CJ Entus,LCK
1170,Samsung Galaxy,LCK
1171,KT Rolster,LCK
1172,Jin Air Green Wings,LCK
1173,KT Rolster,LCK
1174,KT Rolster,LCK
1175,SK Telecom T1,LCK
1176,CJ Entus,LCK
1177,Afreeca Freecs,LCK
1178,CJ Entus,LCK
1179,e-mFire,LCK
1180,ROX Tigers,LCK
1181,Longzhu Gaming,LCK
1182,SBENU Sonicboom,LCK
1183,Longzhu Gaming,LCK
1184,Longzhu Gaming,LCK
1185,e-mFire,LCK
1186,Jin Air Green Wings,LCK
1187,Samsung Galaxy,LCK
1188,Jin Air Green Wings,LCK
1189,SK Telecom T1,LCK
1190,SBENU Sonicboom,LCK
1191,Afreeca Freecs,LCK
1192,ROX Tigers,LCK
1193,Afreeca Freecs,LCK
1194,CJ Entus,LCK
1195,Longzhu Gaming,LCK
1196,CJ Entus,LCK
1197,KT Rolster,LCK
1198,e-mFire,LCK
1199,SBENU Sonicboom,LCK
1200,Jin Air Green Wings,LCK
1201,Samsung Galaxy,LCK
1202,ROX Tigers,LCK
1203,Afreeca Freecs,LCK
1204,Longzhu Gaming,LCK
1205,SK Telecom T1,LCK
1206,e-mFire,LCK
1207,SK Telecom T1,LCK
1208,Samsung Galaxy,LCK
1209,KT Rolster,LCK
1210,CJ Entus,LCK
1211,Jin Air Green Wings,LCK
1212,ROX Tigers,LCK
1213,SK Telecom T1,LCK
1214,ROX Tigers,LCK
1215,SBENU Sonicboom,LCK
1216,Afreeca Freecs,LCK
1217,ROX Tigers,LCK
1218,Longzhu Gaming,LCK
1219,SBENU Sonicboom,LCK
1220,e-mFire,LCK
1221,SBENU Sonicboom,LCK
1222,Afreeca Freecs,LCK
1223,Jin Air Green Wings,LCK
1224,Afreeca Freecs,LCK
1225,SK Telecom T1,LCK
1226,Samsung Galaxy,LCK
1227,SBENU Sonicboom,LCK
1228,CJ Entus,LCK
1229,SBENU Sonicboom,LCK
1230,KT Rolster,LCK
1231,ROX Tigers,LCK
1232,KT Rolster,LCK
1233,Jin Air Green Wings,LCK
1234,e-mFire,LCK
1235,Samsung Galaxy,LCK
1236,Longzhu Gaming,LCK
1237,Samsung Galaxy,LCK
1238,SK Telecom T1,LCK
1239,Jin Air Green Wings,LCK
1240,Samsung Galaxy,LCK
1241,Afreeca Freecs,LCK
1242,CJ Entus,LCK
1243,ROX Tigers,LCK
1244,SBENU Sonicboom,LCK
1245,KT Rolster,LCK
1246,e-mFire,LCK
1247,Samsung Galaxy,LCK
1248,Jin Air Green Wings,LCK
1249,Longzhu Gaming,LCK
1250,KT Rolster,LCK
1251,Afreeca Freecs,LCK
1252,SK Telecom T1,LCK
1253,CJ Entus,LCK
1254,Samsung Galaxy,LCK
1255,KT Rolster,LCK
1256,Jin Air Green Wings,LCK
1257,ESC Ever,LCK
1258,Jin Air Green Wings,LCK
1259,Longzhu Gaming,LCK
1260,SK Telecom T1,LCK
1261,ROX Tigers,LCK
1262,Afreeca Freecs,LCK
1263,CJ Entus,LCK
1264,KT Rolster,LCK
1265,ROX Tigers,LCK
1266,MVP,LCK
1267,SK Telecom T1,LCK
1268,Jin Air Green Wings,LCK
1269,SK Telecom T1,LCK
1270,ESC Ever,LCK
1271,CJ Entus,LCK
1272,ESC Ever,LCK
1273,Samsung Galaxy,LCK
1274,Afreeca Freecs,LCK
1275,Samsung Galaxy,LCK
1276,ROX Tigers,LCK
1277,CJ Entus,LCK
1278,MVP,LCK
1279,Samsung Galaxy,LCK
1280,MVP,LCK
1281,KT Rolster,LCK
1282,ESC Ever,LCK
1283,KT Rolster,LCK
1284,Longzhu Gaming,LCK
1285,Afreeca Freecs,LCK
1286,Longzhu Gaming,LCK
1287,Jin Air Green Wings,LCK
1288,MVP,LCK
1289,SK Telecom T1,LCK
1290,ESC Ever,LCK
1291,Longzhu Gaming,LCK
1292,KT Rolster,LCK
1293,Afreeca Freecs,LCK
1294,Jin Air Green Wings,LCK
1295,Afreeca Freecs,LCK
1296,CJ Entus,LCK
1297,SK Telecom T1,LCK
1298,CJ Entus,LCK
1299,ESC Ever,LCK
1300,MVP,LCK
1301,ESC Ever,LCK
1302,SK Telecom T1,LCK
1303,Afreeca Freecs,LCK
1304,CJ Entus,LCK
1305,Samsung Galaxy,LCK
1306,Longzhu Gaming,LCK
1307,Jin Air Green Wings,LCK
1308,Longzhu Gaming,LCK
1309,ESC Ever,LCK
1310,ROX Tigers,LCK
1311,Afreeca Freecs,LCK
1312,CJ Entus,LCK
1313,Afreeca Freecs,LCK
1314,SK Telecom T1,LCK
1315,Samsung Galaxy,LCK
1316,MVP,LCK
1317,KT Rolster,LCK
1318,ROX Tigers,LCK
1319,Longzhu Gaming,LCK
1320,Longzhu Gaming,LCK
1321,ESC Ever,LCK
1322,Longzhu Gaming,LCK
1323,ROX Tigers,LCK
1324,Samsung Galaxy,LCK
1325,Afreeca Freecs,LCK
1326,MVP,LCK
1327,Jin Air Green Wings,LCK
1328,KT Rolster,LCK
1329,Jin Air Green Wings,LCK
1330,Longzhu Gaming,LCK
1331,CJ Entus,LCK
1332,ESC Ever,LCK
1333,Afreeca Freecs,LCK
1334,ESC Ever,LCK
1335,KT Rolster,LCK
1336,ROX Tigers,LCK
1337,Samsung Galaxy,LCK
1338,Jin Air Green Wings,LCK
1339,SK Telecom T1,LCK
1340,MVP,LCK
1341,ROX Tigers,LCK
1342,Jin Air Green Wings,LCK
1343,ROX Tigers,LCK
1344,SK Telecom T1,LCK
1345,KT Rolster,LCK
1346,SK Telecom T1,LCK
1347,CJ Entus,LCK
1348,MVP,LCK
1349,CJ Entus,LCK
1350,Samsung Galaxy,LCK
1351,Longzhu Gaming,LCK
1352,ROX Tigers,LCK
1353,SK Telecom T1,LCK
1354,CJ Entus,LCK
1355,Jin Air Green Wings,LCK
1356,ESC Ever,LCK
1357,Samsung Galaxy,LCK
1358,MVP,LCK
1359,Longzhu Gaming,LCK
1360,Afreeca Freecs,LCK
1361,KT Rolster,LCK
1362,Afreeca Freecs,LCK
1363,SK Telecom T1,LCK
1364,ESC Ever,LCK
1365,SK Telecom T1,LCK
1366,Afreeca Freecs,LCK
1367,MVP,LCK
1368,Afreeca Freecs,LCK
1369,KT Rolster,LCK
1370,Jin Air Green Wings,LCK
1371,KT Rolster,LCK
1372,Longzhu Gaming,LCK
1373,MVP,LCK
1374,Afreeca Freecs,LCK
1375,ROX Tigers,LCK
1376,CJ Entus,LCK
1377,KT Rolster,LCK
1378,CJ Entus,LCK
1379,SK Telecom T1,LCK
1380,Longzhu Gaming,LCK
1381,ESC Ever,LCK
1382,Samsung Galaxy,LCK
1383,ESC Ever,LCK
1384,ROX Tigers,LCK
1385,Jin Air Green Wings,LCK
1386,CJ Entus,LCK
1387,MVP,LCK
1388,Afreeca Freecs,LCK
1389,SK Telecom T1,LCK
1390,KT Rolster,LCK
1391,Samsung Galaxy,LCK
1392,MVP,LCK
1393,Jin Air Green Wings,LCK
1394,CJ Entus,LCK
1395,Samsung Galaxy,LCK
1396,CJ Entus,LCK
1397,KT Rolster,LCK
1398,ESC Ever,LCK
1399,Longzhu Gaming,LCK
1400,ROX Tigers,LCK
1401,Jin Air Green Wings,LCK
1402,SK Telecom T1,LCK
1403,Jin Air Green Wings,LCK
1404,ESC Ever,LCK
1405,Afreeca Freecs,LCK
1406,Longzhu Gaming,LCK
1407,Samsung Galaxy,LCK
1408,ROX Tigers,LCK
1409,CJ Entus,LCK
1410,ROX Tigers,LCK
1411,Afreeca Freecs,LCK
1412,Jin Air Green Wings,LCK
1413,MVP,LCK
1414,SK Telecom T1,LCK
1415,Samsung Galaxy,LCK
1416,SK Telecom T1,LCK
1417,ESC Ever,LCK
1418,MVP,LCK
1419,Afreeca Freecs,LCK
1420,KT Rolster,LCK
1421,Jin Air Green Wings,LCK
1422,CJ Entus,LCK
1423,Longzhu Gaming,LCK
1424,ESC Ever,LCK
1425,KT Rolster,LCK
1426,ROX Tigers,LCK
1427,KT Rolster,LCK
1428,Jin Air Green Wings,LCK
1429,Samsung Galaxy,LCK
1430,Longzhu Gaming,LCK
1431,CJ Entus,LCK
1432,Longzhu Gaming,LCK
1433,SK Telecom T1,LCK
1434,ROX Tigers,LCK
1435,Afreeca Freecs,LCK
1436,CJ Entus,LCK
1437,SK Telecom T1,LCK
1438,KT Rolster,LCK
1439,MVP,LCK
1440,Samsung Galaxy,LCK
1441,ROX Tigers,LCK
1442,ESC Ever,LCK
1443,CJ Entus,LCK
1444,SK Telecom T1,LCK
1445,Longzhu Gaming,LCK
1446,KT Rolster,LCK
1447,Longzhu Gaming,LCK
1448,ROX Tigers,LCK
1449,MVP,LCK
1450,ROX Tigers,LCK
1451,ESC Ever,LCK
1452,Jin Air Green Wings,LCK
1453,ESC Ever,LCK
1454,Samsung Galaxy,LCK
1455,Afreeca Freecs,LCK
1456,Longzhu Gaming,LCK
1457,Jin Air Green Wings,LCK
1458,KT Rolster,LCK
1459,MVP,LCK
1460,Samsung Galaxy,LCK
1461,ROX Tigers,LCK
1462,ESC Ever,LCK
1463,CJ Entus,LCK
1464,Longzhu Gaming,LCK
1465,Afreeca Freecs,LCK
1466,Flash Wolves,LMS
1467,ahq e-Sports Club,LMS
1468,Taipei Assassins,LMS
1469,Machi E-Sports,LMS
1470,Cougar E-Sport,LMS
1471,Midnight Sun Esports,LMS
1472,Hong Kong Esports,LMS
1473,eXtreme Gamers,LMS
1474,Taipei Assassins,LMS
1475,Flash Wolves,LMS
1476,Machi E-Sports,LMS
1477,ahq e-Sports Club,LMS
1478,Midnight Sun Esports,LMS
1479,Hong Kong Esports,LMS
1480,Cougar E-Sport,LMS
1481,eXtreme Gamers,LMS
1482,ahq e-Sports Club,LMS
1483,Taipei Assassins,LMS
1484,eXtreme Gamers,LMS
1485,Midnight Sun Esports,LMS
1486,Cougar E-Sport,LMS
1487,Machi E-Sports,LMS
1488,Hong Kong Esports,LMS
1489,Flash Wolves,LMS
1490,ahq e-Sports Club,LMS
1491,Midnight Sun Esports,LMS
1492,Taipei Assassins,LMS
1493,eXtreme Gamers,LMS
1494,Hong Kong Esports,LMS
1495,Cougar E-Sport,LMS
1496,Flash Wolves,LMS
1497,Machi E-Sports,LMS
1498,Hong Kong Esports,LMS
1499,Taipei Assassins,LMS
1500,Cougar E-Sport,LMS
1501,ahq e-Sports Club,LMS
1502,Machi E-Sports,LMS
1503,Hong Kong Esports,LMS
1504,Flash Wolves,LMS
1505,Cougar E-Sport,LMS
1506,Flash Wolves,LMS
1507,eXtreme Gamers,LMS
1508,Machi E-Sports,LMS
1509,Midnight Sun Esports,LMS
1510,eXtreme Gamers,LMS
1511,Machi E-Sports,LMS
1512,Midnight Sun Esports,LMS
1513,Flash Wolves,LMS
1514,eXtreme Gamers,LMS
1515,ahq e-Sports Club,LMS
1516,Midnight Sun Esports,LMS
1517,Taipei Assassins,LMS
1518,Taipei Assassins,LMS
1519,Cougar E-Sport,LMS
1520,ahq e-Sports Club,LMS
1521,Hong Kong Esports,LMS
1522,Taipei Assassins,LMS
1523,ahq e-Sports Club,LMS
1524,Midnight Sun Esports,LMS
1525,Cougar E-Sport,LMS
1526,Machi E-Sports,LMS
1527,Flash Wolves,LMS
1528,eXtreme Gamers,LMS
1529,Hong Kong Esports,LMS
1530,Flash Wolves,LMS
1531,Hong Kong Esports,LMS
1532,ahq e-Sports Club,LMS
1533,eXtreme Gamers,LMS
1534,Midnight Sun Esports,LMS
1535,ahq e-Sports Club,LMS
1536,eXtreme Gamers,LMS
1537,Taipei Assassins,LMS
1538,Machi E-Sports,LMS
1539,Cougar E-Sport,LMS
1540,Taipei Assassins,LMS
1541,Midnight Sun Esports,LMS
1542,Taipei Assassins,LMS
1543,Hong Kong Esports,LMS
1544,ahq e-Sports Club,LMS
1545,Cougar E-Sport,LMS
1546,Hong Kong Esports,LMS
1547,Machi E-Sports,LMS
1548,Cougar E-Sport,LMS
1549,Flash Wolves,LMS
1550,Flash Wolves,LMS
1551,Midnight Sun Esports,LMS
1552,Machi E-Sports,LMS
1553,eXtreme Gamers,LMS
1554,eXtreme Gamers,LMS
1555,Flash Wolves,LMS
1556,Cougar E-Sport,LMS
1557,Taipei Assassins,LMS
1558,Flash Wolves,LMS
1559,Taipei Assassins,LMS
1560,eXtreme Gamers,LMS
1561,Cougar E-Sport,LMS
1562,Hong Kong Esports,LMS
1563,ahq e-Sports Club,LMS
1564,Midnight Sun Esports,LMS
1565,Machi E-Sports,LMS
1566,Machi E-Sports,LMS
1567,Taipei Assassins,LMS
1568,Midnight Sun Esports,LMS
1569,eXtreme Gamers,LMS
1570,ahq e-Sports Club,LMS
1571,Machi E-Sports,LMS
1572,Hong Kong Esports,LMS
1573,Midnight Sun Esports,LMS
1574,Cougar E-Sport,LMS
1575,Hong Kong Esports,LMS
1576,ahq e-Sports Club,LMS
1577,Flash Wolves,LMS
1578,Hong Kong Esports,LMS
1579,J Team,LMS
1580,Flash Wolves,LMS
1581,Machi E-Sports,LMS
1582,Team Mist,LMS
1583,eXtreme Gamers,LMS
1584,Flash Wolves,LMS
1585,ahq e-Sports Club,LMS
1586,Midnight Sun Esports,LMS
1587,Hong Kong Esports,LMS
1588,Team Mist,LMS
1589,Machi E-Sports,LMS
1590,ahq e-Sports Club,LMS
1591,J Team,LMS
1592,eXtreme Gamers,LMS
1593,Midnight Sun Esports,LMS
1594,Machi E-Sports,LMS
1595,ahq e-Sports Club,LMS
1596,Midnight Sun Esports,LMS
1597,J Team,LMS
1598,Hong Kong Esports,LMS
1599,eXtreme Gamers,LMS
1600,Flash Wolves,LMS
1601,eXtreme Gamers,LMS
1602,Machi E-Sports,LMS
1603,Hong Kong Esports,LMS
1604,J Team,LMS
1605,Team Mist,LMS
1606,Flash Wolves,LMS
1607,Team Mist,LMS
1608,ahq e-Sports Club,LMS
1609,Midnight Sun Esports,LMS
1610,eXtreme Gamers,LMS
1611,ahq e-Sports Club,LMS
1612,Hong Kong Esports,LMS
1613,Team Mist,LMS
1614,Machi E-Sports,LMS
1615,Midnight Sun Esports,LMS
1616,Hong Kong Esports,LMS
1617,Flash Wolves,LMS
1618,Team Mist,LMS
1619,ahq e-Sports Club,LMS
1620,J Team,LMS
1621,eXtreme Gamers,LMS
1622,Midnight Sun Esports,LMS
1623,Flash Wolves,LMS
1624,J Team,LMS
1625,Machi E-Sports,LMS
1626,J Team,LMS
1627,Flash Wolves,LMS
1628,eXtreme Gamers,LMS
1629,Machi E-Sports,LMS
1630,Midnight Sun Esports,LMS
1631,Team Mist,LMS
1632,ahq e-Sports Club,LMS
1633,Hong Kong Esports,LMS
1634,Midnight Sun Esports,LMS
1635,Machi E-Sports,LMS
1636,Flash Wolves,LMS
1637,J Team,LMS
1638,Team Mist,LMS
1639,Hong Kong Esports,LMS
1640,ahq e-Sports Club,LMS
1641,eXtreme Gamers,LMS
1642,Machi E-Sports,LMS
1643,Flash Wolves,LMS
1644,J Team,LMS
1645,Midnight Sun Esports,LMS
1646,Hong Kong Esports,LMS
1647,ahq e-Sports Club,LMS
1648,eXtreme Gamers,LMS
1649,Team Mist,LMS
1650,Hong Kong Esports,LMS
1651,Midnight Sun Esports,LMS
1652,J Team,LMS
1653,ahq e-Sports Club,LMS
1654,Flash Wolves,LMS
1655,Hong Kong Esports,LMS
1656,ahq e-Sports Club,LMS
1657,Machi E-Sports,LMS
1658,eXtreme Gamers,LMS
1659,Flash Wolves,LMS
1660,Team Mist,LMS
1661,J Team,LMS
1662,Midnight Sun Esports,LMS
1663,eXtreme Gamers,LMS
1664,Machi E-Sports,LMS
1665,Team Mist,LMS
1666,ahq e-Sports Club,LMS
1667,Flash Wolves,LMS
1668,Machi E-Sports,LMS
1669,eXtreme Gamers,LMS
1670,Team Mist,LMS
1671,Flash Wolves,LMS
1672,Midnight Sun Esports,LMS
1673,ahq e-Sports Club,LMS
1674,J Team,LMS
1675,Hong Kong Esports,LMS
1676,Team Mist,LMS
1677,Midnight Sun Esports,LMS
1678,ahq e-Sports Club,LMS
1679,Team Mist,LMS
1680,eXtreme Gamers,LMS
1681,Hong Kong Esports,LMS
1682,Hong Kong Esports,LMS
1683,Machi E-Sports,LMS
1684,eXtreme Gamers,LMS
1685,J Team,LMS
1686,Flash Wolves,LMS
1687,Midnight Sun Esports,LMS
1688,Machi E-Sports,LMS
1689,J Team,LMS
1690,Bangkok Titans,GPL
1691,Bangkok Titans,GPL
1692,Bangkok Titans,GPL
1693,Bangkok Titans,GPL
1694,Kuala Lumpur Hunters,GPL
1695,Bangkok Titans,GPL
1696,Bangkok Titans,GPL
1697,Kuala Lumpur Hunters,GPL
1698,Imperium Pro Team,GPL
1699,Saigon Jokers,GPL
1700,Imperium Pro Team,GPL
1701,Saigon Jokers,GPL
1702,Team Rigel,GPL
1703,Bangkok Titans,GPL
1704,Kanaya Gaming,GPL
1705,Team Rigel,GPL
1706,Kuala Lumpur Hunters,GPL
1707,Saigon Jokers,GPL
1708,Imperium Pro Team,GPL
1709,Bangkok Titans,GPL
1710,Kanaya Gaming,GPL
1711,Kanaya Gaming,GPL
1712,Kuala Lumpur Hunters,GPL
1713,Imperium Pro Team,GPL
1714,Team Rigel,GPL
1715,Bangkok Titans,GPL
1716,Saigon Jokers,GPL
1717,Bangkok Titans,GPL
1718,Bangkok Titans,GPL
1719,Bangkok Titans,GPL
1720,Bangkok Titans,GPL
1721,Bangkok Titans,GPL
1722,Vestigial,GPL
1723,Saigon Jokers,GPL
1724,Vestigial,GPL
1725,Kuala Lumpur Hunters,GPL
1726,Kuala Lumpur Hunters,GPL
1727,Kuala Lumpur Hunters,GPL
1728,Kuala Lumpur Hunters,GPL
1729,Bangkok Titans,GPL
1730,Kuala Lumpur Hunters,GPL
1731,Saigon Jokers,GPL
1732,Acclaim EmpireX,GPL
1733,Bangkok Titans,GPL
1734,Saigon Jokers,GPL
1735,Vestigial,GPL
1736,Kanaya Gaming,GPL
1737,Bangkok Titans,GPL
1738,Acclaim EmpireX,GPL
1739,Kanaya Gaming,GPL
1740,Kuala Lumpur Hunters,GPL
1741,Vestigial,GPL
1742,Kanaya Gaming,GPL
1743,Acclaim EmpireX,GPL
1744,Kuala Lumpur Hunters,GPL
1745,Vestigial,GPL
1746,Unsold Stuff Gaming,LJL
1747,Rampage,LJL
1748,Team BlackEye,LJL
1749,7th heaven,LJL
1750,DetonatioN FocusMe,LJL
1751,Rascal Jester,LJL
1752,Team BlackEye,LJL
1753,DetonatioN FocusMe,LJL
1754,Rascal Jester,LJL
1755,Unsold Stuff Gaming,LJL
1756,7th heaven,LJL
1757,Rampage,LJL
1758,Unsold Stuff Gaming,LJL
1759,DetonatioN FocusMe,LJL
1760,Rampage,LJL
1761,Team BlackEye,LJL
1762,Rampage,LJL
1763,7th heaven,LJL
1764,Rascal Jester,LJL
1765,7th heaven,LJL
1766,Team BlackEye,LJL
1767,Unsold Stuff Gaming,LJL
1768,7th heaven,LJL
1769,DetonatioN FocusMe,LJL
1770,Rampage,LJL
1771,Rascal Jester,LJL
1772,Rampage,LJL
1773,DetonatioN FocusMe,LJL
1774,Rampage,LJL
1775,Rascal Jester,LJL
1776,Team BlackEye,LJL
1777,Unsold Stuff Gaming,LJL
1778,7th heaven,LJL
1779,Unsold Stuff Gaming,LJL
1780,Unsold Stuff Gaming,LJL
1781,Rampage,LJL
1782,Unsold Stuff Gaming,LJL
1783,7th heaven,LJL
1784,Team BlackEye,LJL
1785,Rascal Jester,LJL
1786,DetonatioN FocusMe,LJL
1787,7th heaven,LJL
1788,Rampage,LJL
1789,7th heaven,LJL
1790,Unsold Stuff Gaming,LJL
1791,Rascal Jester,LJL
1792,DetonatioN FocusMe,LJL
1793,Team BlackEye,LJL
1794,Rascal Jester,LJL
1795,7th heaven,LJL
1796,Rascal Jester,LJL
1797,Rampage,LJL
1798,Team BlackEye,LJL
1799,Unsold Stuff Gaming,LJL
1800,DetonatioN FocusMe,LJL
1801,Unsold Stuff Gaming,LJL
1802,Unsold Stuff Gaming,LJL
1803,Team BlackEye,LJL
1804,DetonatioN FocusMe,LJL
1805,7th heaven,LJL
1806,Rascal Jester,LJL
1807,Rampage,LJL
1808,Rampage,LJL
1809,DetonatioN FocusMe,LJL
1810,Team BlackEye,LJL
1811,Rascal Jester,LJL
1812,7th heaven,LJL
1813,Unsold Stuff Gaming,LJL
1814,7th heaven,LJL
1815,Rampage,LJL
1816,DetonatioN FocusMe,LJL
1817,Rampage,LJL
1818,Unsold Stuff Gaming,LJL
1819,7th heaven,LJL
1820,Team BlackEye,LJL
1821,SCARZ,LJL
1822,Rampage,LJL
1823,SCARZ,LJL
1824,Team BlackEye,LJL
1825,7th heaven,LJL
1826,Unsold Stuff Gaming,LJL
1827,DetonatioN FocusMe,LJL
1828,Rampage,LJL
1829,Team BlackEye,LJL
1830,Unsold Stuff Gaming,LJL
1831,SCARZ,LJL
1832,Unsold Stuff Gaming,LJL
1833,DetonatioN FocusMe,LJL
1834,7th heaven,LJL
1835,Unsold Stuff Gaming,LJL
1836,Team BlackEye,LJL
1837,Unsold Stuff Gaming,LJL
1838,Rampage,LJL
1839,7th heaven,LJL
1840,DetonatioN FocusMe,LJL
1841,SCARZ,LJL
1842,SCARZ,LJL
1843,7th heaven,LJL
1844,Team BlackEye,LJL
1845,DetonatioN FocusMe,LJL
1846,Team BlackEye,LJL
1847,Unsold Stuff Gaming,LJL
1848,Rampage,LJL
1849,Rampage,LJL
1850,DetonatioN FocusMe,LJL
1851,Unsold Stuff Gaming,LJL
1852,7th heaven,LJL
1853,Unsold Stuff Gaming,LJL
1854,Team BlackEye,LJL
1855,SCARZ,LJL
1856,Team BlackEye,LJL
1857,SCARZ,LJL
1858,Rampage,LJL
1859,7th heaven,LJL
1860,Team BlackEye,LJL
1861,DetonatioN FocusMe,LJL
1862,Unsold Stuff Gaming,LJL
1863,DetonatioN FocusMe,LJL
1864,7th heaven,LJL
1865,DetonatioN FocusMe,LJL
1866,SCARZ,LJL
1867,Unsold Stuff Gaming,LJL
1868,SCARZ,LJL
1869,Team BlackEye,LJL
1870,Rampage,LJL
1871,SCARZ,LJL
1872,DetonatioN FocusMe,LJL
1873,7th heaven,LJL
1874,Rampage,LJL
1875,Team BlackEye,LJL
1876,Unsold Stuff Gaming,LJL
1877,Team BlackEye,LJL
1878,Unsold Stuff Gaming,LJL
1879,Rampage,LJL
1880,Unsold Stuff Gaming,LJL
1881,DetonatioN FocusMe,LJL
1882,Team BlackEye,LJL
1883,DetonatioN FocusMe,LJL
1884,7th heaven,LJL
1885,SCARZ,LJL
1886,g3nerationX,CBLOL
1887,paiN Gaming,CBLOL
1888,KaBuM! e-Sports,CBLOL
1889,CNB e-Sports Club,CBLOL
1890,RED Canids,CBLOL
1891,Keyd Stars,CBLOL
1892,INTZ e-Sports,CBLOL
1893,Operation Kino,CBLOL
1894,g3nerationX,CBLOL
1895,CNB e-Sports Club,CBLOL
1896,RED Canids,CBLOL
1897,paiN Gaming,CBLOL
1898,Operation Kino,CBLOL
1899,Keyd Stars,CBLOL
1900,INTZ e-Sports,CBLOL
1901,KaBuM! e-Sports,CBLOL
1902,paiN Gaming,CBLOL
1903,Keyd Stars,CBLOL
1904,g3nerationX,CBLOL
1905,RED Canids,CBLOL
1906,KaBuM! e-Sports,CBLOL
1907,Operation Kino,CBLOL
1908,INTZ e-Sports,CBLOL
1909,CNB e-Sports Club,CBLOL
1910,INTZ e-Sports,CBLOL
1911,Keyd Stars,CBLOL
1912,RED Canids,CBLOL
1913,Operation Kino,CBLOL
1914,g3nerationX,CBLOL
1915,KaBuM! e-Sports,CBLOL
1916,CNB e-Sports Club,CBLOL
1917,paiN Gaming,CBLOL
1918,KaBuM! e-Sports,CBLOL
1919,Keyd Stars,CBLOL
1920,RED Canids,CBLOL
1921,CNB e-Sports Club,CBLOL
1922,INTZ e-Sports,CBLOL
1923,g3nerationX,CBLOL
1924,Operation Kino,CBLOL
1925,paiN Gaming,CBLOL
1926,KaBuM! e-Sports,CBLOL
1927,paiN Gaming,CBLOL
1928,g3nerationX,CBLOL
1929,Operation Kino,CBLOL
1930,CNB e-Sports Club,CBLOL
1931,Keyd Stars,CBLOL
1932,INTZ e-Sports,CBLOL
1933,RED Canids,CBLOL
1934,RED Canids,CBLOL
1935,KaBuM! e-Sports,CBLOL
1936,g3nerationX,CBLOL
1937,Keyd Stars,CBLOL
1938,Operation Kino,CBLOL
1939,CNB e-Sports Club,CBLOL
1940,INTZ e-Sports,CBLOL
1941,paiN Gaming,CBLOL
1942,CNB e-Sports Club,CBLOL
1943,Keyd Stars,CBLOL
1944,Operation Kino,CBLOL
1945,Big Gods,CBLOL
1946,INTZ e-Sports,CBLOL
1947,paiN Gaming,CBLOL
1948,RED Canids,CBLOL
1949,KaBuM! e-Sports,CBLOL
1950,Keyd Stars,CBLOL
1951,Operation Kino,CBLOL
1952,Big Gods,CBLOL
1953,CNB e-Sports Club,CBLOL
1954,KaBuM! e-Sports,CBLOL
1955,INTZ e-Sports,CBLOL
1956,paiN Gaming,CBLOL
1957,RED Canids,CBLOL
1958,paiN Gaming,CBLOL
1959,Keyd Stars,CBLOL
1960,RED Canids,CBLOL
1961,Operation Kino,CBLOL
1962,KaBuM! e-Sports,CBLOL
1963,CNB e-Sports Club,CBLOL
1964,Big Gods,CBLOL
1965,INTZ e-Sports,CBLOL
1966,INTZ e-Sports,CBLOL
1967,Operation Kino,CBLOL
1968,Big Gods,CBLOL
1969,RED Canids,CBLOL
1970,KaBuM! e-Sports,CBLOL
1971,Keyd Stars,CBLOL
1972,CNB e-Sports Club,CBLOL
1973,paiN Gaming,CBLOL
1974,paiN Gaming,CBLOL
1975,KaBuM! e-Sports,CBLOL
1976,Keyd Stars,CBLOL
1977,Big Gods,CBLOL
1978,RED Canids,CBLOL
1979,INTZ e-Sports,CBLOL
1980,Operation Kino,CBLOL
1981,CNB e-Sports Club,CBLOL
1982,Operation Kino,CBLOL
1983,paiN Gaming,CBLOL
1984,Big Gods,CBLOL
1985,KaBuM! e-Sports,CBLOL
1986,INTZ e-Sports,CBLOL
1987,CNB e-Sports Club,CBLOL
1988,RED Canids,CBLOL
1989,Keyd Stars,CBLOL
1990,paiN Gaming,CBLOL
1991,Big Gods,CBLOL
1992,KaBuM! e-Sports,CBLOL
1993,Operation Kino,CBLOL
1994,CNB e-Sports Club,CBLOL
1995,RED Canids,CBLOL
1996,Keyd Stars,CBLOL
1997,INTZ e-Sports,CBLOL
1998,Lyon Gaming,LAN
1999,Havoks Gaming,LAN
2000,Revenge eSports,LAN
2001,Tesla E-Sports,LAN
2002,Dash9 Gaming,LAN
2003,Havoks Gaming,LAN
2004,Lyon Gaming,LAN
2005,Galactic Gamers,LAN
2006,Lyon Gaming,LAN
2007,Revenge eSports,LAN
2008,Tesla E-Sports,LAN
2009,Havoks Gaming,LAN
2010,Dash9 Gaming,LAN
2011,Galactic Gamers,LAN
2012,Revenge eSports,LAN
2013,Havoks Gaming,LAN
2014,Galactic Gamers,LAN
2015,Tesla E-Sports,LAN
2016,Lyon Gaming,LAN
2017,Dash9 Gaming,LAN
2018,Havoks Gaming,LAN
2019,Galactic Gamers,LAN
2020,Havoks Gaming,LAN
2021,Lyon Gaming,LAN
2022,Tesla E-Sports,LAN
2023,Revenge eSports,LAN
2024,Havoks Gaming,LAN
2025,Dash9 Gaming,LAN
2026,Lyon Gaming,LAN
2027,Galactic Gamers,LAN
2028,Lyon Gaming,LAN
2029,Tesla E-Sports,LAN
2030,Dash9 Gaming,LAN
2031,Revenge eSports,LAN
2032,Revenge eSports,LAN
2033,Galactic Gamers,LAN
2034,Dash9 Gaming,LAN
2035,Tesla E-Sports,LAN
2036,Lyon Gaming,LAN
2037,Lyon Gaming,LAN
2038,Revenge eSports,LAN
2039,BrawL eSports,LAN
2040,Galactic Gamers,LAN
2041,ZAGA Talent Gaming,LAN
2042,Just Toys Havoks,LAN
2043,ZAGA Talent Gaming,LAN
2044,Just Toys Havoks,LAN
2045,Galactic Gamers,LAN
2046,Just Toys Havoks,LAN
2047,BrawL eSports,LAN
2048,Revenge eSports,LAN
2049,ZAGA Talent Gaming,LAN
2050,Lyon Gaming,LAN
2051,Just Toys Havoks,LAN
2052,BrawL eSports,LAN
2053,Revenge eSports,LAN
2054,ZAGA Talent Gaming,LAN
2055,Galactic Gamers,LAN
2056,Lyon Gaming,LAN
2057,Just Toys Havoks,LAN
2058,Revenge eSports,LAN
2059,Galactic Gamers,LAN
2060,ZAGA Talent Gaming,LAN
2061,Lyon Gaming,LAN
2062,BrawL eSports,LAN
2063,Revenge eSports,LAN
2064,Galactic Gamers,LAN
2065,ZAGA Talent Gaming,LAN
2066,BrawL eSports,LAN
2067,Just Toys Havoks,LAN
2068,Lyon Gaming,LAN
2069,Just Toys Havoks,LAN
2070,Revenge eSports,LAN
2071,Lyon Gaming,LAN
2072,Galactic Gamers,LAN
2073,BrawL eSports,LAN
2074,Just Toys Havoks,LAN
2075,ZAGA Talent Gaming,LAN
2076,Just Toys Havoks,LAN
2077,Galactic Gamers,LAN
2078,BrawL eSports,LAN
2079,Revenge eSports,LAN
2080,BrawL eSports,LAN
2081,Lyon Gaming,LAN
2082,ZAGA Talent Gaming,LAN
2083,BrawL eSports,LAN
2084,Just Toys Havoks,LAN
2085,ZAGA Talent Gaming,LAN
2086,Revenge eSports,LAN
2087,Galactic Gamers,LAN
2088,Lyon Gaming,LAN
2089,Galactic Gamers,LAN
2090,Revenge eSports,LAN
2091,Just Toys Havoks,LAN
2092,Galactic Gamers,LAN
2093,ZAGA Talent Gaming,LAN
2094,Galactic Gamers,LAN
2095,BrawL eSports,LAN
2096,Lyon Gaming,LAN
2097,Galactic Gamers,LAN
2098,Revenge eSports,LAN
2099,BrawL eSports,LAN
2100,ZAGA Talent Gaming,LAN
2101,Just Toys Havoks,LAN
2102,Lyon Gaming,LAN
2103,Isurus Gaming,LAS
2104,Kaos Latin Gamers,LAS
2105,Rebirth eSports,LAS
2106,Hafnet eSports,LAS
2107,Isurus Gaming,LAS
2108,Furious Gaming,LAS
2109,Last Kings,LAS
2110,Isurus Gaming,LAS
2111,Furious Gaming,LAS
2112,Last Kings,LAS
2113,Kaos Latin Gamers,LAS
2114,Hafnet eSports,LAS
2115,Rebirth eSports,LAS
2116,Furious Gaming,LAS
2117,Hafnet eSports,LAS
2118,Rebirth eSports,LAS
2119,Last Kings,LAS
2120,Isurus Gaming,LAS
2121,Kaos Latin Gamers,LAS
2122,Furious Gaming,LAS
2123,Rebirth eSports,LAS
2124,Kaos Latin Gamers,LAS
2125,Hafnet eSports,LAS
2126,Isurus Gaming,LAS
2127,Last Kings,LAS
2128,Rebirth eSports,LAS
2129,Isurus Gaming,LAS
2130,Last Kings,LAS
2131,Hafnet eSports,LAS
2132,Kaos Latin Gamers,LAS
2133,Furious Gaming,LAS
2134,Rebirth eSports,LAS
2135,Kaos Latin Gamers,LAS
2136,Isurus Gaming,LAS
2137,Hafnet eSports,LAS
2138,Last Kings,LAS
2139,Furious Gaming,LAS
2140,Furious Gaming,LAS
2141,Isurus Gaming,LAS
2142,Kaos Latin Gamers,LAS
2143,Last Kings,LAS
2144,Rebirth eSports,LAS
2145,Hafnet eSports,LAS
2146,Hafnet eSports,LAS
2147,Furious Gaming,LAS
2148,Last Kings,LAS
2149,Rebirth eSports,LAS
2150,Kaos Latin Gamers,LAS
2151,Isurus Gaming,LAS
2152,Rebirth eSports,LAS
2153,Furious Gaming,LAS
2154,Hafnet eSports,LAS
2155,Kaos Latin Gamers,LAS
2156,Last Kings,LAS
2157,Isurus Gaming,LAS
2158,Isurus Gaming,LAS
2159,Rebirth eSports,LAS
2160,Hafnet eSports,LAS
2161,Last Kings,LAS
2162,Furious Gaming,LAS
2163,Kaos Latin Gamers,LAS
2164,Hafnet eSports,LAS
2165,Rebirth eSports,LAS
2166,Furious Gaming,LAS
2167,Kaos Latin Gamers,LAS
2168,Isurus Gaming,LAS
2169,Last Kings,LAS
2170,Kaos Latin Gamers,LAS
2171,Hafnet eSports,LAS
2172,Rebirth eSports,LAS
2173,Last Kings,LAS
2174,Isurus Gaming,LAS
2175,Furious Gaming,LAS
2176,Last Kings,LAS
2177,Kaos Latin Gamers,LAS
2178,Hafnet eSports,LAS
2179,Furious Gaming,LAS
2180,Rebirth eSports,LAS
2181,Isurus Gaming,LAS
2182,Furious Gaming,LAS
2183,Last Kings,LAS
2184,Kaos Latin Gamers,LAS
2185,Rebirth eSports,LAS
2186,Hafnet eSports,LAS
2187,Isurus Gaming,LAS
2188,Furious Gaming,LAS
2189,Rebirth eSports,LAS
2190,Last Kings,LAS
2191,Hafnet eSports,LAS
2192,Isurus Gaming,LAS
2193,Kaos Latin Gamers,LAS
2194,Rebirth eSports,LAS
2195,Hafnet eSports,LAS
2196,Kaos Latin Gamers,LAS
2197,Furious Gaming,LAS
2198,Last Kings,LAS
2199,Isurus Gaming,LAS
2200,Hafnet eSports,LAS
2201,Kaos Latin Gamers,LAS
2202,Last Kings,LAS
2203,Rebirth eSports,LAS
2204,Furious Gaming,LAS
2205,Isurus Gaming,LAS
2206,Kaos Latin Gamers,LAS
2207,Last Kings,LAS
2208,Furious Gaming,LAS
2209,Hafnet eSports,LAS
2210,Isurus Gaming,LAS
2211,Rebirth eSports,LAS
2212,Last Kings,LAS
2213,Furious Gaming,LAS
2214,Rebirth eSports,LAS
2215,Kaos Latin Gamers,LAS
2216,Isurus Gaming,LAS
2217,Hafnet eSports,LAS
2218,Rebirth eSports,LAS
2219,Furious Gaming,LAS
2220,Hafnet eSports,LAS
2221,Last Kings,LAS
2222,Kaos Latin Gamers,LAS
2223,Isurus Gaming,LAS
2224,Beikta.OH,TCL
2225,HWA Gaming,TCL
2226,SuperMassive eSports,TCL
2227,HWA Gaming,TCL
2228,Beikta.OH,TCL
2229,Dark Passage,TCL
2230,LEKLER,TCL
2231,SuperMassive eSports,TCL
2232,NumberOne Esports,TCL
2233,HWA Gaming,TCL
2234,Team AURORA,TCL
2235,Dark Passage,TCL
2236,Team Turquality,TCL
2237,Team Turquality,TCL
2238,Beikta.OH,TCL
2239,LEKLER,TCL
2240,HWA Gaming,TCL
2241,Dark Passage,TCL
2242,NumberOne Esports,TCL
2243,Beikta.OH,TCL
2244,Team AURORA,TCL
2245,HWA Gaming,TCL
2246,LEKLER,TCL
2247,SuperMassive eSports,TCL
2248,Team AURORA,TCL
2249,Dark Passage,TCL
2250,NumberOne Esports,TCL
2251,Team Turquality,TCL
2252,SuperMassive eSports,TCL
2253,Dark Passage,TCL
2254,LEKLER,TCL
2255,Beikta.OH,TCL
2256,HWA Gaming,TCL
2257,Beikta.OH,TCL
2258,HWA Gaming,TCL
2259,Team AURORA,TCL
2260,Team Turquality,TCL
2261,SuperMassive eSports,TCL
2262,Beikta.OH,TCL
2263,NumberOne Esports,TCL
2264,LEKLER,TCL
2265,SuperMassive eSports,TCL
2266,NumberOne Esports,TCL
2267,Dark Passage,TCL
2268,Team AURORA,TCL
2269,SuperMassive eSports,TCL
2270,LEKLER,TCL
2271,HWA Gaming,TCL
2272,Team Turquality,TCL
2273,Team Turquality,TCL
2274,Beikta.OH,TCL
2275,NumberOne Esports,TCL
2276,Dark Passage,TCL
2277,Beikta.OH,TCL
2278,Team AURORA,TCL
2279,HWA Gaming,TCL
2280,LEKLER,TCL
2281,Team Turquality,TCL
2282,Team AURORA,TCL
2283,SuperMassive eSports,TCL
2284,NumberOne Esports,TCL
2285,HWA Gaming,TCL
2286,SuperMassive eSports,TCL
2287,Dark Passage,TCL
2288,Crew e-Sports Club,TCL
2289,LEKLER,TCL
2290,Team AURORA,TCL
2291,Beikta.OH,TCL
2292,Team Turquality,TCL
2293,LEKLER,TCL
2294,HWA Gaming,TCL
2295,SuperMassive eSports,TCL
2296,Dark Passage,TCL
2297,Team Turquality,TCL
2298,Team AURORA,TCL
2299,Crew e-Sports Club,TCL
2300,Beikta.OH,TCL
2301,HWA Gaming,TCL
2302,Dark Passage,TCL
2303,Team Turquality,TCL
2304,LEKLER,TCL
2305,SuperMassive eSports,TCL
2306,Beikta.OH,TCL
2307,Team AURORA,TCL
2308,Crew e-Sports Club,TCL
2309,Dark Passage,TCL
2310,LEKLER,TCL
2311,Crew e-Sports Club,TCL
2312,Team Turquality,TCL
2313,Beikta.OH,TCL
2314,HWA Gaming,TCL
2315,SuperMassive eSports,TCL
2316,Team AURORA,TCL
2317,LEKLER,TCL
2318,Crew e-Sports Club,TCL
2319,Beikta.OH,TCL
2320,Dark Passage,TCL
2321,Team Turquality,TCL
2322,SuperMassive eSports,TCL
2323,Team AURORA,TCL
2324,HWA Gaming,TCL
2325,Crew e-Sports Club,TCL
2326,SuperMassive eSports,TCL
2327,Dark Passage,TCL
2328,Team AURORA,TCL
2329,LEKLER,TCL
2330,Beikta.OH,TCL
2331,HWA Gaming,TCL
2332,Team Turquality,TCL
2333,Team Turquality,TCL
2334,Beikta.OH,TCL
2335,Team AURORA,TCL
2336,LEKLER,TCL
2337,Beikta.OH,TCL
2338,Team AURORA,TCL
2339,SuperMassive eSports,TCL
2340,HWA Gaming,TCL
2341,Crew e-Sports Club,TCL
2342,Dark Passage,TCL
2343,HWA Gaming,TCL
2344,Crew e-Sports Club,TCL
2345,Team Turquality,TCL
2346,Dark Passage,TCL
2347,SuperMassive eSports,TCL
2348,LEKLER,TCL
2349,Dark Passage,TCL
2350,HWA Gaming,TCL
2351,Team AURORA,TCL
2352,Team Turquality,TCL
2353,Beikta.OH,TCL
2354,Crew e-Sports Club,TCL
2355,Dark Passage,TCL
2356,SuperMassive eSports,TCL
2357,LEKLER,TCL
2358,Team Turquality,TCL
2359,Crew e-Sports Club,TCL
2360,Team AURORA,TCL
2361,Beikta.OH,TCL
2362,SuperMassive eSports,TCL
2363,HWA Gaming,TCL
2364,LEKLER,TCL
2365,Dark Passage,TCL
2366,Beikta.OH,TCL
2367,Team Turquality,TCL
2368,Crew e-Sports Club,TCL
2369,Team AURORA,TCL
2370,SuperMassive eSports,TCL
2371,HWA Gaming,TCL
2372,Beikta.OH,TCL
2373,Crew e-Sports Club,TCL
2374,LEKLER,TCL
2375,SuperMassive eSports,TCL
2376,Team Turquality,TCL
2377,HWA Gaming,TCL
2378,Team AURORA,TCL
2379,LEKLER,TCL
2380,Dark Passage,TCL
2381,SuperMassive eSports,TCL
2382,Crew e-Sports Club,TCL
2383,Beikta.OH,TCL
2384,LEKLER,TCL
2385,LEKLER,TCL
2386,SuperMassive eSports,TCL
2387,Team AURORA,TCL
2388,Dark Passage,TCL
2389,Team Turquality,TCL
2390,HWA Gaming,TCL
2391,Crew e-Sports Club,TCL
2392,HWA Gaming,TCL
2393,Dark Passage,TCL
2394,Team Turquality,TCL
2395,Team AURORA,TCL
2396,Beikta.OH,TCL
2397,Dire Wolves,OPL
2398,Chiefs Esports Club,OPL
2399,Sin Gaming,OPL
2400,Dire Wolves,OPL
2401,Hellions e-Sports Club,OPL
2402,Avant Garde,OPL
2403,Legacy Esports,OPL
2404,Infernum Gaming,OPL
2405,Trident Esports,OPL
2406,Sin Gaming,OPL
2407,Hellions e-Sports Club,OPL
2408,Chiefs Esports Club,OPL
2409,Legacy Esports,OPL
2410,Chiefs Esports Club,OPL
2411,Trident Esports,OPL
2412,Dire Wolves,OPL
2413,Avant Garde,OPL
2414,Infernum Gaming,OPL
2415,Dire Wolves,OPL
2416,Avant Garde,OPL
2417,Dire Wolves,OPL
2418,Hellions e-Sports Club,OPL
2419,Legacy Esports,OPL
2420,Infernum Gaming,OPL
2421,Sin Gaming,OPL
2422,Chiefs Esports Club,OPL
2423,Trident Esports,OPL
2424,Chiefs Esports Club,OPL
2425,Infernum Gaming,OPL
2426,Hellions e-Sports Club,OPL
2427,Chiefs Esports Club,OPL
2428,Sin Gaming,OPL
2429,Chiefs Esports Club,OPL
2430,Trident Esports,OPL
2431,Legacy Esports,OPL
2432,Sin Gaming,OPL
2433,Dire Wolves,OPL
2434,Dire Wolves,OPL
2435,Chiefs Esports Club,OPL
2436,Dire Wolves,OPL
2437,Avant Garde,OPL
2438,Trident Esports,OPL
2439,Avant Garde,OPL
2440,Trident Esports,OPL
2441,Dire Wolves,OPL
2442,Trident Esports,OPL
2443,Infernum Gaming,OPL
2444,Legacy Esports,OPL
2445,Hellions e-Sports Club,OPL
2446,Chiefs Esports Club,OPL
2447,Sin Gaming,OPL
2448,Avant Garde,OPL
2449,Sin Gaming,OPL
2450,Trident Esports,OPL
2451,Sin Gaming,OPL
2452,Legacy Esports,OPL
2453,Dire Wolves,OPL
2454,Chiefs Esports Club,OPL
2455,Infernum Gaming,OPL
2456,Avant Garde,OPL
2457,Hellions e-Sports Club,OPL
2458,Avant Garde,OPL
2459,Dire Wolves,OPL
2460,Sin Gaming,OPL
2461,Avant Garde,OPL
2462,Chiefs Esports Club,OPL
2463,Avant Garde,OPL
2464,Trident Esports,OPL
2465,Hellions e-Sports Club,OPL
2466,Trident Esports,OPL
2467,Legacy Esports,OPL
2468,Infernum Gaming,OPL
2469,Legacy Esports,OPL
2470,Hellions e-Sports Club,OPL
2471,Avant Garde,OPL
2472,Infernum Gaming,OPL
2473,Avant Garde,OPL
2474,Chiefs Esports Club,OPL
2475,Dire Wolves,OPL
2476,Chiefs Esports Club,OPL
2477,Hellions e-Sports Club,OPL
2478,Infernum Gaming,OPL
2479,Legacy Esports,OPL
2480,Avant Garde,OPL
2481,Sin Gaming,OPL
2482,Trident Esports,OPL
2483,Avant Garde,OPL
2484,Hellions e-Sports Club,OPL
2485,Chiefs Esports Club,OPL
2486,Trident Esports,OPL
2487,Sin Gaming,OPL
2488,Legacy Esports,OPL
2489,Dire Wolves,OPL
2490,Infernum Gaming,OPL
2491,Legacy Esports,OPL
2492,Dire Wolves,OPL
2493,Sin Gaming,OPL
2494,Tainted Minds,OPL
2495,Sin Gaming,OPL
2496,Chiefs Esports Club,OPL
2497,Avant Garde,OPL
2498,Chiefs Esports Club,OPL
2499,Hellions e-Sports Club,OPL
2500,Abyss Esports,OPL
2501,Chiefs Esports Club,OPL
2502,Sin Gaming,OPL
2503,Hellions e-Sports Club,OPL
2504,Dire Wolves,OPL
2505,Avant Garde,OPL
2506,Tainted Minds,OPL
2507,Avant Garde,OPL
2508,Abyss Esports,OPL
2509,Legacy Esports,OPL
2510,Tainted Minds,OPL
2511,Chiefs Esports Club,OPL
2512,Sin Gaming,OPL
2513,Avant Garde,OPL
2514,Sin Gaming,OPL
2515,Hellions e-Sports Club,OPL
2516,Legacy Esports,OPL
2517,Abyss Esports,OPL
2518,Dire Wolves,OPL
2519,Abyss Esports,OPL
2520,Chiefs Esports Club,OPL
2521,Hellions e-Sports Club,OPL
2522,Tainted Minds,OPL
2523,Sin Gaming,OPL
2524,Legacy Esports,OPL
2525,Sin Gaming,OPL
2526,Avant Garde,OPL
2527,Hellions e-Sports Club,OPL
2528,Dire Wolves,OPL
2529,Chiefs Esports Club,OPL
2530,Dire Wolves,OPL
2531,Abyss Esports,OPL
2532,Tainted Minds,OPL
2533,Abyss Esports,OPL
2534,Legacy Esports,OPL
2535,Chiefs Esports Club,OPL
2536,Legacy Esports,OPL
2537,Avant Garde,OPL
2538,Abyss Esports,OPL
2539,Avant Garde,OPL
2540,Sin Gaming,OPL
2541,Hellions e-Sports Club,OPL
2542,Tainted Minds,OPL
2543,Dire Wolves,OPL
2544,Abyss Esports,OPL
2545,Sin Gaming,OPL
2546,Abyss Esports,OPL
2547,Tainted Minds,OPL
2548,Legacy Esports,OPL
2549,Tainted Minds,OPL
2550,Avant Garde,OPL
2551,Dire Wolves,OPL
2552,Hellions e-Sports Club,OPL
2553,Chiefs Esports Club,OPL
2554,Sin Gaming,OPL
2555,Dire Wolves,OPL
2556,Sin Gaming,OPL
2557,Legacy Esports,OPL
2558,Avant Garde,OPL
2559,Legacy Esports,OPL
2560,Avant Garde,OPL
2561,Chiefs Esports Club,OPL
2562,Avant Garde,OPL
2563,Dire Wolves,OPL
2564,Hellions e-Sports Club,OPL
2565,Abyss Esports,OPL
2566,Legacy Esports,OPL
2567,Abyss Esports,OPL
2568,Tainted Minds,OPL
2569,Sin Gaming,OPL
2570,Tainted Minds,OPL
2571,Sin Gaming,OPL
2572,Avant Garde,OPL
2573,Chiefs Esports Club,OPL
2574,Tainted Minds,OPL
2575,Abyss Esports,OPL
2576,Dire Wolves,OPL
2577,Abyss Esports,OPL
2578,Legacy Esports,OPL
2579,Hellions e-Sports Club,OPL
2580,Dire Wolves,OPL
2581,Legacy Esports,OPL
2582,Tainted Minds,OPL
2583,Avant Garde,OPL
2584,Tainted Minds,OPL
2585,Hellions e-Sports Club,OPL
2586,Abyss Esports,OPL
2587,Hellions e-Sports Club,OPL
2588,Sin Gaming,OPL
2589,Chiefs Esports Club,OPL
2590,Team Just,LCL
2591,Team Just,LCL
2592,Team Just,LCL
2593,Vaevictis eSports,LCL
2594,Vega Squadron,LCL
2595,Team Just,LCL
2596,Vega Squadron,LCL
2597,RoX,LCL
2598,Hard Random,LCL
2599,Team Just,LCL
2600,Hard Random,LCL
2601,Natus Vincere.CIS,LCL
2602,Team Empire,LCL
2603,Natus Vincere.CIS,LCL
2604,RoX,LCL
2605,Vaevictis eSports,LCL
2606,Team Differential,LCL
2607,Vega Squadron,LCL
2608,Vaevictis eSports,LCL
2609,Team Differential,LCL
2610,Hard Random,LCL
2611,Vaevictis eSports,LCL
2612,Natus Vincere.CIS,LCL
2613,Team Just,LCL
2614,Vaevictis eSports,LCL
2615,RoX,LCL
2616,Team Differential,LCL
2617,Hard Random,LCL
2618,Vaevictis eSports,LCL
2619,Team Differential,LCL
2620,Team Empire,LCL
2621,Vega Squadron,LCL
2622,Team Empire,LCL
2623,Natus Vincere.CIS,LCL
2624,RoX,LCL
2625,Vega Squadron,LCL
2626,Team Differential,LCL
2627,Team Empire,LCL
2628,Natus Vincere.CIS,LCL
2629,Vaevictis eSports,LCL
2630,Vega Squadron,LCL
2631,RoX,LCL
2632,Team Empire,LCL
2633,Hard Random,LCL
2634,RoX,LCL
2635,Team Empire,LCL
2636,Team Just,LCL
2637,Natus Vincere.CIS,LCL
2638,Team Differential,LCL
2639,Hard Random,LCL
2640,Vaevictis eSports,LCL
2641,Natus Vincere.CIS,LCL
2642,Team Just,LCL
2643,Vega Squadron,LCL
2644,RoX,LCL
2645,Vega Squadron,LCL
2646,Team Differential,LCL
2647,Hard Random,LCL
2648,Albus NoX Luna,LCL
2649,Natus Vincere.CIS,LCL
2650,RoX,LCL
2651,Vega Squadron,LCL
2652,Team Just,LCL
2653,RoX,LCL
2654,Natus Vincere.CIS,LCL
2655,Vaevictis eSports,LCL
2656,Albus NoX Luna,LCL
2657,Team Empire,LCL
2658,Gambit Esports,LCL
2659,Vaevictis eSports,LCL
2660,Vega Squadron,LCL
2661,Team Just,LCL
2662,Team Empire,LCL
2663,Gambit Esports,LCL
2664,Albus NoX Luna,LCL
2665,Vega Squadron,LCL
2666,Vaevictis eSports,LCL
2667,Team Empire,LCL
2668,Team Empire,LCL
2669,RoX,LCL
2670,Team Just,LCL
2671,Natus Vincere.CIS,LCL
2672,Team Empire,LCL
2673,Gambit Esports,LCL
2674,RoX,LCL
2675,Albus NoX Luna,LCL
2676,RoX,LCL
2677,Natus Vincere.CIS,LCL
2678,Vega Squadron,LCL
2679,Gambit Esports,LCL
2680,Vaevictis eSports,LCL
2681,Team Just,LCL
2682,Team Empire,LCL
2683,Gambit Esports,LCL
2684,Albus NoX Luna,LCL
2685,Team Empire,LCL
2686,Vega Squadron,LCL
2687,Vaevictis eSports,LCL
2688,Gambit Esports,LCL
2689,Natus Vincere.CIS,LCL
2690,RoX,LCL
2691,Albus NoX Luna,LCL
2692,Vaevictis eSports,LCL
2693,Natus Vincere.CIS,LCL
2694,RoX,LCL
2695,Gambit Esports,LCL
2696,Natus Vincere.CIS,LCL
2697,Vega Squadron,LCL
2698,Team Just,LCL
2699,Vega Squadron,LCL
2700,Team Just,LCL
2701,Vaevictis eSports,LCL
2702,Albus NoX Luna,LCL
2703,Samsung Galaxy,LCK
2704,SK Telecom T1,LCK
2705,Samsung Galaxy,LCK
2706,SK Telecom T1,LCK
2707,Samsung Galaxy,LCK
2708,Samsung Galaxy,LCK
2709,H2k-Gaming,EU
2710,Samsung Galaxy,LCK
2711,ROX Tigers,LCK
2712,SK Telecom T1,LCK
2713,ROX Tigers,LCK
2714,SK Telecom T1,LCK
2715,ROX Tigers,LCK
2716,H2k-Gaming,EU
2717,Albus NoX Luna,LCL
2718,H2k-Gaming,EU
2719,EDward Gaming,LPL
2720,ROX Tigers,LCK
2721,EDward Gaming,LPL
2722,ROX Tigers,LCK
2723,Royal Never Give Up,LPL
2724,SK Telecom T1,LCK
2725,Royal Never Give Up,LPL
2726,SK Telecom T1,LCK
2727,Samsung Galaxy,LCK
2728,Cloud9,NA
2729,Samsung Galaxy,LCK
2730,Flash Wolves,LMS
2731,I May,LPL
2732,SK Telecom T1,LCK
2733,Cloud9,NA
2734,Cloud9,NA
2735,I May,LPL
2736,Royal Never Give Up,LPL
2737,Splyce,EU
2738,Samsung Galaxy,LCK
2739,Team SoloMid,NA
2740,Splyce,EU
2741,Samsung Galaxy,LCK
2742,H2k-Gaming,EU
2743,ahq e-Sports Club,LMS
2744,INTZ e-Sports,CBLOL
2745,INTZ e-Sports,CBLOL
2746,H2k-Gaming,EU
2747,ahq e-Sports Club,LMS
2748,EDward Gaming,LPL
2749,ROX Tigers,LCK
2750,ROX Tigers,LCK
2751,G2 Esports,EU
2752,Albus NoX Luna,LCL
2753,Counter Logic Gaming,NA
2754,Albus NoX Luna,LCL
2755,G2 Esports,EU
2756,Cloud9,NA
2757,SK Telecom T1,LCK
2758,Counter Logic Gaming,NA
2759,Albus NoX Luna,LCL
2760,EDward Gaming,LPL
2761,ahq e-Sports Club,LMS
2762,Royal Never Give Up,LPL
2763,Splyce,EU
2764,I May,LPL
2765,Flash Wolves,LMS
2766,ROX Tigers,LCK
2767,Counter Logic Gaming,NA
2768,EDward Gaming,LPL
2769,H2k-Gaming,EU
2770,Royal Never Give Up,LPL
2771,Team SoloMid,NA
2772,Flash Wolves,LMS
2773,SK Telecom T1,LCK
2774,Team SoloMid,NA
2775,Samsung Galaxy,LCK
2776,INTZ e-Sports,CBLOL
2777,H2k-Gaming,EU
2778,ROX Tigers,LCK
2779,G2 Esports,EU